name,taxid,status,rank_info,lineage
TARA_PSW_MAG_00030,28221,found,class,Bacteria;Proteobacteria;Deltaproteobacteria
TARA_MED_MAG_00126,126,found,family,Bacteria;Planctomycetes;Planctomycetia;Planctomycetales;Planctomycetaceae
TARA_PSE_MAG_00064,28890,found,phylum,Archaea;Euryarchaeota
TARA_RED_MAG_00034,28211,found,class,Bacteria;Proteobacteria;Alphaproteobacteria
TARA_PON_MAG_00016,117743,found,class,Bacteria;Bacteroidetes;Flavobacteriia
TARA_PSE_MAG_00094,1236,found,class,Bacteria;Proteobacteria;Gammaproteobacteria
TARA_ANE_MAG_00061,0,nomatch,,
TARA_PSW_MAG_00068,117743,found,class,Bacteria;Bacteroidetes;Flavobacteriia
TARA_PON_MAG_00024,57723,found,phylum,Bacteria;Acidobacteria
TARA_PSE_MAG_00044,203557,found,family,Bacteria;Verrucomicrobia;Verrucomicrobiae;Verrucomicrobiales;Verrucomicrobiaceae
TARA_PSE_MAG_00071,1236,found,class,Bacteria;Proteobacteria;Gammaproteobacteria
TARA_PSW_MAG_00132,2,found,superkingdom,Bacteria
TARA_ANE_MAG_00063,28890,found,phylum,Archaea;Euryarchaeota
TARA_IOS_MAG_00058,1236,found,class,Bacteria;Proteobacteria;Gammaproteobacteria
TARA_ANE_MAG_00024,28890,found,phylum,Archaea;Euryarchaeota
TARA_RED_MAG_00071,203494,found,class,Bacteria;Verrucomicrobia;Verrucomicrobiae
TARA_PON_MAG_00058,135575,found,genus,Bacteria;Proteobacteria;Gammaproteobacteria;Alteromonadales;Idiomarinaceae;Idiomarina
TARA_ASE_MAG_00007,1236,found,class,Bacteria;Proteobacteria;Gammaproteobacteria
TARA_ASW_MAG_00024,28890,found,phylum,Archaea;Euryarchaeota
TARA_PSE_MAG_00116,135620,found,family,Bacteria;Proteobacteria;Gammaproteobacteria;Oceanospirillales;Oceanospirillaceae
TARA_PON_MAG_00047,28890,found,phylum,Archaea;Euryarchaeota
TARA_ANE_MAG_00053,0,nomatch,,
TARA_IOS_MAG_00038,28890,found,phylum,Archaea;Euryarchaeota
TARA_PSE_MAG_00013,49546,found,family,Bacteria;Bacteroidetes;Flavobacteriia;Flavobacteriales;Flavobacteriaceae
TARA_ASE_MAG_00009,28890,found,phylum,Archaea;Euryarchaeota
TARA_ANW_MAG_00006,1236,found,class,Bacteria;Proteobacteria;Gammaproteobacteria
TARA_IOS_MAG_00068,2759,found,superkingdom,Eukaryota
TARA_PON_MAG_00048,74201,found,phylum,Bacteria;Verrucomicrobia
TARA_ASE_MAG_00016,28890,found,phylum,Archaea;Euryarchaeota
TARA_ASE_MAG_00035,2902,found,genus,Eukaryota;Isochrysidales;Noelaerhabdaceae;Emiliania
TARA_PSE_MAG_00021,1236,found,class,Bacteria;Proteobacteria;Gammaproteobacteria
TARA_ANE_MAG_00049,1236,found,class,Bacteria;Proteobacteria;Gammaproteobacteria
TARA_PON_MAG_00041,414999,found,class,Bacteria;Verrucomicrobia;Opitutae
TARA_ASE_MAG_00014,201174,disagree,order,Bacteria;Actinobacteria
TARA_PSE_MAG_00017,28211,found,class,Bacteria;Proteobacteria;Alphaproteobacteria
TARA_ANW_MAG_00052,84994,found,family,Bacteria;Actinobacteria;Acidimicrobiia;Acidimicrobiales;Acidimicrobiaceae
TARA_MED_MAG_00021,0,nomatch,,
TARA_RED_MAG_00070,0,nomatch,,
TARA_PSW_MAG_00033,1224,found,phylum,Bacteria;Proteobacteria
TARA_MED_MAG_00123,1236,found,class,Bacteria;Proteobacteria;Gammaproteobacteria
TARA_ASW_MAG_00031,2742,found,genus,Bacteria;Proteobacteria;Gammaproteobacteria;Alteromonadales;Alteromonadaceae;Marinobacter
TARA_IOS_MAG_00070,41295,found,family,Bacteria;Proteobacteria;Alphaproteobacteria;Rhodospirillales;Rhodospirillaceae
TARA_ANE_MAG_00052,28890,found,phylum,Archaea;Euryarchaeota
TARA_PSW_MAG_00131,2759,found,superkingdom,Eukaryota
TARA_ANW_MAG_00085,2902,found,genus,Eukaryota;Isochrysidales;Noelaerhabdaceae;Emiliania
TARA_ANW_MAG_00058,203494,found,class,Bacteria;Verrucomicrobia;Verrucomicrobiae
TARA_RED_MAG_00090,28890,found,phylum,Archaea;Euryarchaeota
TARA_PSE_MAG_00052,0,nomatch,,
TARA_RED_MAG_00048,2,disagree,superkingdom,Bacteria
TARA_RED_MAG_00079,28890,found,phylum,Archaea;Euryarchaeota
TARA_RED_MAG_00099,117743,found,class,Bacteria;Bacteroidetes;Flavobacteriia
TARA_RED_MAG_00037,28211,found,class,Bacteria;Proteobacteria;Alphaproteobacteria
TARA_ANE_MAG_00055,28890,found,phylum,Archaea;Euryarchaeota
TARA_ASE_MAG_00026,44055,found,genus,Eukaryota;Pelagophyceae;Pelagomonadales;Aureococcus
TARA_ASE_MAG_00027,41295,found,family,Bacteria;Proteobacteria;Alphaproteobacteria;Rhodospirillales;Rhodospirillaceae
TARA_MED_MAG_00008,1236,found,class,Bacteria;Proteobacteria;Gammaproteobacteria
TARA_ASW_MAG_00043,2759,found,superkingdom,Eukaryota
TARA_MED_MAG_00108,167375,found,genus,Bacteria;Cyanobacteria;Synechococcales;Synechococcaceae;Cyanobium
TARA_MED_MAG_00052,1236,found,class,Bacteria;Proteobacteria;Gammaproteobacteria
TARA_MED_MAG_00044,414999,found,class,Bacteria;Verrucomicrobia;Opitutae
TARA_PSE_MAG_00091,84994,found,family,Bacteria;Actinobacteria;Acidimicrobiia;Acidimicrobiales;Acidimicrobiaceae
TARA_PSW_MAG_00117,2,found,superkingdom,Bacteria
TARA_MED_MAG_00041,203557,found,family,Bacteria;Verrucomicrobia;Verrucomicrobiae;Verrucomicrobiales;Verrucomicrobiaceae
TARA_PSE_MAG_00131,28196,found,genus,Bacteria;Proteobacteria;Epsilonproteobacteria;Campylobacterales;Campylobacteraceae;Arcobacter
TARA_PSE_MAG_00039,28221,found,class,Bacteria;Proteobacteria;Deltaproteobacteria
TARA_PSE_MAG_00076,1236,found,class,Bacteria;Proteobacteria;Gammaproteobacteria
TARA_PON_MAG_00010,1224,found,phylum,Bacteria;Proteobacteria
TARA_PON_MAG_00038,1236,found,class,Bacteria;Proteobacteria;Gammaproteobacteria
TARA_ANE_MAG_00071,1236,found,class,Bacteria;Proteobacteria;Gammaproteobacteria
TARA_ANW_MAG_00064,28211,found,class,Bacteria;Proteobacteria;Alphaproteobacteria
TARA_RED_MAG_00051,0,nomatch,,
TARA_PSE_MAG_00058,126,found,family,Bacteria;Planctomycetes;Planctomycetia;Planctomycetales;Planctomycetaceae
TARA_PON_MAG_00035,1236,found,class,Bacteria;Proteobacteria;Gammaproteobacteria
TARA_MED_MAG_00072,28211,found,class,Bacteria;Proteobacteria;Alphaproteobacteria
TARA_RED_MAG_00008,57723,found,phylum,Bacteria;Acidobacteria
TARA_ANE_MAG_00015,200795,found,phylum,Bacteria;Chloroflexi
TARA_PON_MAG_00018,1236,found,class,Bacteria;Proteobacteria;Gammaproteobacteria
TARA_ANW_MAG_00009,475794,found,genus,Bacteria;Proteobacteria;Gammaproteobacteria;Cellvibrionales;Halieaceae;Haliea
TARA_PSE_MAG_00138,72275,found,family,Bacteria;Proteobacteria;Gammaproteobacteria;Alteromonadales;Alteromonadaceae
TARA_MED_MAG_00135,0,nomatch,,
TARA_ANE_MAG_00069,28211,found,class,Bacteria;Proteobacteria;Alphaproteobacteria
TARA_ANE_MAG_00088,41874,found,genus,Eukaryota;Chlorophyta;Mamiellophyceae;Mamiellales;Bathycoccaceae;Bathycoccus
TARA_ANW_MAG_00074,38832,found,genus,Eukaryota;Chlorophyta;Mamiellophyceae;Mamiellales;Mamiellaceae;Micromonas
TARA_PSE_MAG_00032,1224,found,phylum,Bacteria;Proteobacteria
TARA_MED_MAG_00128,203557,found,family,Bacteria;Verrucomicrobia;Verrucomicrobiae;Verrucomicrobiales;Verrucomicrobiaceae
TARA_RED_MAG_00015,28211,found,class,Bacteria;Proteobacteria;Alphaproteobacteria
TARA_MED_MAG_00122,117743,found,class,Bacteria;Bacteroidetes;Flavobacteriia
TARA_ION_MAG_00050,1236,found,class,Bacteria;Proteobacteria;Gammaproteobacteria
TARA_PSE_MAG_00096,1236,found,class,Bacteria;Proteobacteria;Gammaproteobacteria
TARA_PSW_MAG_00122,126,found,family,Bacteria;Planctomycetes;Planctomycetia;Planctomycetales;Planctomycetaceae
TARA_ASW_MAG_00010,85023,found,family,Bacteria;Actinobacteria;Actinobacteria;Micrococcales;Microbacteriaceae
TARA_ASW_MAG_00046,38832,found,genus,Eukaryota;Chlorophyta;Mamiellophyceae;Mamiellales;Mamiellaceae;Micromonas
TARA_PSW_MAG_00113,126,found,family,Bacteria;Planctomycetes;Planctomycetia;Planctomycetales;Planctomycetaceae
TARA_PSE_MAG_00095,126,found,family,Bacteria;Planctomycetes;Planctomycetia;Planctomycetales;Planctomycetaceae
TARA_ION_MAG_00005,475794,found,genus,Bacteria;Proteobacteria;Gammaproteobacteria;Cellvibrionales;Halieaceae;Haliea
TARA_ION_MAG_00002,41275,found,genus,Bacteria;Proteobacteria;Alphaproteobacteria;Caulobacterales;Caulobacteraceae;Brevundimonas
TARA_MED_MAG_00113,28211,found,class,Bacteria;Proteobacteria;Alphaproteobacteria
TARA_RED_MAG_00005,1236,found,class,Bacteria;Proteobacteria;Gammaproteobacteria
TARA_PSW_MAG_00012,117743,found,class,Bacteria;Bacteroidetes;Flavobacteriia
TARA_RED_MAG_00121,2,found,superkingdom,Bacteria
TARA_PSE_MAG_00068,2,found,superkingdom,Bacteria
TARA_ANW_MAG_00044,117743,found,class,Bacteria;Bacteroidetes;Flavobacteriia
TARA_ANE_MAG_00028,0,nomatch,,
TARA_PSE_MAG_00137,2759,found,superkingdom,Eukaryota
TARA_PSE_MAG_00102,28221,found,class,Bacteria;Proteobacteria;Deltaproteobacteria
TARA_ANW_MAG_00065,28221,found,class,Bacteria;Proteobacteria;Deltaproteobacteria
TARA_MED_MAG_00118,0,nomatch,,
TARA_PSE_MAG_00132,53246,found,genus,Bacteria;Proteobacteria;Gammaproteobacteria;Alteromonadales;Pseudoalteromonadaceae;Pseudoalteromonas
TARA_PSW_MAG_00094,28890,found,phylum,Archaea;Euryarchaeota
TARA_PSE_MAG_00006,117743,found,class,Bacteria;Bacteroidetes;Flavobacteriia
TARA_RED_MAG_00081,57723,found,phylum,Bacteria;Acidobacteria
TARA_RED_MAG_00076,200795,found,phylum,Bacteria;Chloroflexi
TARA_RED_MAG_00035,28211,found,class,Bacteria;Proteobacteria;Alphaproteobacteria
TARA_ANW_MAG_00010,49546,found,family,Bacteria;Bacteroidetes;Flavobacteriia;Flavobacteriales;Flavobacteriaceae
TARA_MED_MAG_00093,117743,found,class,Bacteria;Bacteroidetes;Flavobacteriia
TARA_MED_MAG_00062,117743,found,class,Bacteria;Bacteroidetes;Flavobacteriia
TARA_RED_MAG_00085,2,found,superkingdom,Bacteria
TARA_PSE_MAG_00114,49546,found,family,Bacteria;Bacteroidetes;Flavobacteriia;Flavobacteriales;Flavobacteriaceae
TARA_ANE_MAG_00099,38832,found,genus,Eukaryota;Chlorophyta;Mamiellophyceae;Mamiellales;Mamiellaceae;Micromonas
TARA_MED_MAG_00011,28211,found,class,Bacteria;Proteobacteria;Alphaproteobacteria
TARA_ANE_MAG_00034,1236,found,class,Bacteria;Proteobacteria;Gammaproteobacteria
TARA_ANE_MAG_00058,28211,found,class,Bacteria;Proteobacteria;Alphaproteobacteria
TARA_ANE_MAG_00033,200795,found,phylum,Bacteria;Chloroflexi
TARA_ION_MAG_00060,28211,found,class,Bacteria;Proteobacteria;Alphaproteobacteria
TARA_IOS_MAG_00017,28211,found,class,Bacteria;Proteobacteria;Alphaproteobacteria
TARA_PSW_MAG_00002,41295,found,family,Bacteria;Proteobacteria;Alphaproteobacteria;Rhodospirillales;Rhodospirillaceae
TARA_MED_MAG_00040,0,nomatch,,
TARA_IOS_MAG_00044,414999,found,class,Bacteria;Verrucomicrobia;Opitutae
TARA_ION_MAG_00043,0,nomatch,,
TARA_IOS_MAG_00036,414999,found,class,Bacteria;Verrucomicrobia;Opitutae
TARA_PSW_MAG_00006,2,found,superkingdom,Bacteria
TARA_PSE_MAG_00083,49546,found,family,Bacteria;Bacteroidetes;Flavobacteriia;Flavobacteriales;Flavobacteriaceae
TARA_ASW_MAG_00002,41295,found,family,Bacteria;Proteobacteria;Alphaproteobacteria;Rhodospirillales;Rhodospirillaceae
TARA_PSE_MAG_00128,662,found,genus,Bacteria;Proteobacteria;Gammaproteobacteria;Vibrionales;Vibrionaceae;Vibrio
TARA_MED_MAG_00038,1236,found,class,Bacteria;Proteobacteria;Gammaproteobacteria
TARA_ION_MAG_00067,135620,found,family,Bacteria;Proteobacteria;Gammaproteobacteria;Oceanospirillales;Oceanospirillaceae
TARA_ANE_MAG_00073,28211,found,class,Bacteria;Proteobacteria;Alphaproteobacteria
TARA_ANW_MAG_00028,0,nomatch,,
TARA_PON_MAG_00077,2,found,superkingdom,Bacteria
TARA_PSW_MAG_00060,1236,found,class,Bacteria;Proteobacteria;Gammaproteobacteria
TARA_PSE_MAG_00037,2,found,superkingdom,Bacteria
TARA_PSE_MAG_00122,1224,found,phylum,Bacteria;Proteobacteria
TARA_ANE_MAG_00098,2902,found,genus,Eukaryota;Isochrysidales;Noelaerhabdaceae;Emiliania
TARA_ANW_MAG_00036,1236,found,class,Bacteria;Proteobacteria;Gammaproteobacteria
TARA_MED_MAG_00031,1236,found,class,Bacteria;Proteobacteria;Gammaproteobacteria
TARA_PON_MAG_00030,167375,found,genus,Bacteria;Cyanobacteria;Synechococcales;Synechococcaceae;Cyanobium
TARA_RED_MAG_00007,41295,found,family,Bacteria;Proteobacteria;Alphaproteobacteria;Rhodospirillales;Rhodospirillaceae
TARA_IOS_MAG_00056,414999,found,class,Bacteria;Verrucomicrobia;Opitutae
TARA_ASE_MAG_00024,41874,found,genus,Eukaryota;Chlorophyta;Mamiellophyceae;Mamiellales;Bathycoccaceae;Bathycoccus
TARA_PON_MAG_00085,1224,found,phylum,Bacteria;Proteobacteria
TARA_RED_MAG_00020,118,found,genus,Bacteria;Planctomycetes;Planctomycetia;Planctomycetales;Planctomycetaceae;Planctomyces
TARA_RED_MAG_00002,0,nomatch,,
TARA_ANE_MAG_00027,28890,found,phylum,Archaea;Euryarchaeota
TARA_ANW_MAG_00023,117743,found,class,Bacteria;Bacteroidetes;Flavobacteriia
TARA_PSW_MAG_00096,117743,found,class,Bacteria;Bacteroidetes;Flavobacteriia
TARA_PSW_MAG_00023,126,found,family,Bacteria;Planctomycetes;Planctomycetia;Planctomycetales;Planctomycetaceae
TARA_ION_MAG_00004,28216,found,class,Bacteria;Proteobacteria;Betaproteobacteria
TARA_ION_MAG_00025,478070,found,genus,Bacteria;Proteobacteria;Alphaproteobacteria;Rhodobacterales;Rhodobacteraceae;Labrenzia
TARA_RED_MAG_00074,414999,found,class,Bacteria;Verrucomicrobia;Opitutae
TARA_ASW_MAG_00019,28890,found,phylum,Archaea;Euryarchaeota
TARA_PSW_MAG_00116,72275,found,family,Bacteria;Proteobacteria;Gammaproteobacteria;Alteromonadales;Alteromonadaceae
TARA_PSW_MAG_00080,203557,found,family,Bacteria;Verrucomicrobia;Verrucomicrobiae;Verrucomicrobiales;Verrucomicrobiaceae
TARA_IOS_MAG_00078,2759,found,superkingdom,Eukaryota
TARA_PSW_MAG_00093,203692,found,class,Bacteria;Spirochaetes;Spirochaetia
TARA_PSE_MAG_00093,28211,found,class,Bacteria;Proteobacteria;Alphaproteobacteria
TARA_MED_MAG_00084,49546,found,family,Bacteria;Bacteroidetes;Flavobacteriia;Flavobacteriales;Flavobacteriaceae
TARA_PON_MAG_00026,1224,found,phylum,Bacteria;Proteobacteria
TARA_PSE_MAG_00081,0,nomatch,,
TARA_PSE_MAG_00121,28221,found,class,Bacteria;Proteobacteria;Deltaproteobacteria
TARA_PSE_MAG_00112,126,found,family,Bacteria;Planctomycetes;Planctomycetia;Planctomycetales;Planctomycetaceae
TARA_PSW_MAG_00124,41295,found,family,Bacteria;Proteobacteria;Alphaproteobacteria;Rhodospirillales;Rhodospirillaceae
TARA_ION_MAG_00046,2,found,superkingdom,Bacteria
TARA_RED_MAG_00116,70447,found,genus,Eukaryota;Chlorophyta;Mamiellophyceae;Mamiellales;Bathycoccaceae;Ostreococcus
TARA_PSW_MAG_00013,872,found,genus,Bacteria;Proteobacteria;Deltaproteobacteria;Desulfovibrionales;Desulfovibrionaceae;Desulfovibrio
TARA_ANW_MAG_00087,1236,found,class,Bacteria;Proteobacteria;Gammaproteobacteria
TARA_PSE_MAG_00004,1236,found,class,Bacteria;Proteobacteria;Gammaproteobacteria
TARA_RED_MAG_00054,1224,found,phylum,Bacteria;Proteobacteria
TARA_ION_MAG_00037,246875,found,genus,Bacteria;Bacteroidetes;Cytophagia;Cytophagales;Cyclobacteriaceae;Algoriphagus
TARA_MED_MAG_00076,28211,found,class,Bacteria;Proteobacteria;Alphaproteobacteria
TARA_ION_MAG_00055,84994,found,family,Bacteria;Actinobacteria;Acidimicrobiia;Acidimicrobiales;Acidimicrobiaceae
TARA_PSE_MAG_00130,135620,found,family,Bacteria;Proteobacteria;Gammaproteobacteria;Oceanospirillales;Oceanospirillaceae
TARA_RED_MAG_00009,1224,found,phylum,Bacteria;Proteobacteria
TARA_PON_MAG_00044,0,nomatch,,
TARA_PON_MAG_00072,57723,found,phylum,Bacteria;Acidobacteria
TARA_MED_MAG_00012,1236,found,class,Bacteria;Proteobacteria;Gammaproteobacteria
TARA_PON_MAG_00079,33656,found,genus,Eukaryota;Phaeocystales;Phaeocystaceae;Phaeocystis
TARA_PSW_MAG_00045,1224,found,phylum,Bacteria;Proteobacteria
TARA_ION_MAG_00020,1236,found,class,Bacteria;Proteobacteria;Gammaproteobacteria
TARA_PSE_MAG_00147,2902,found,genus,Eukaryota;Isochrysidales;Noelaerhabdaceae;Emiliania
TARA_MED_MAG_00060,28890,found,phylum,Archaea;Euryarchaeota
TARA_PON_MAG_00008,1236,found,class,Bacteria;Proteobacteria;Gammaproteobacteria
TARA_PSE_MAG_00098,49546,found,family,Bacteria;Bacteroidetes;Flavobacteriia;Flavobacteriales;Flavobacteriaceae
TARA_MED_MAG_00053,28890,found,phylum,Archaea;Euryarchaeota
TARA_PSE_MAG_00082,126,found,family,Bacteria;Planctomycetes;Planctomycetia;Planctomycetales;Planctomycetaceae
TARA_RED_MAG_00011,203494,found,class,Bacteria;Verrucomicrobia;Verrucomicrobiae
TARA_PSW_MAG_00087,414999,found,class,Bacteria;Verrucomicrobia;Opitutae
TARA_ANE_MAG_00026,117743,found,class,Bacteria;Bacteroidetes;Flavobacteriia
TARA_MED_MAG_00056,1236,found,class,Bacteria;Proteobacteria;Gammaproteobacteria
TARA_PON_MAG_00065,2,found,superkingdom,Bacteria
TARA_MED_MAG_00029,84994,found,family,Bacteria;Actinobacteria;Acidimicrobiia;Acidimicrobiales;Acidimicrobiaceae
TARA_PSW_MAG_00125,2,found,superkingdom,Bacteria
TARA_RED_MAG_00061,0,nomatch,,
TARA_PSW_MAG_00133,2759,found,superkingdom,Eukaryota
TARA_PON_MAG_00087,2,found,superkingdom,Bacteria
TARA_IOS_MAG_00016,0,nomatch,,
TARA_RED_MAG_00030,57723,found,phylum,Bacteria;Acidobacteria
TARA_PSE_MAG_00047,1236,found,class,Bacteria;Proteobacteria;Gammaproteobacteria
TARA_PSW_MAG_00136,70447,found,genus,Eukaryota;Chlorophyta;Mamiellophyceae;Mamiellales;Bathycoccaceae;Ostreococcus
TARA_MED_MAG_00106,117743,found,class,Bacteria;Bacteroidetes;Flavobacteriia
TARA_ANW_MAG_00032,28211,found,class,Bacteria;Proteobacteria;Alphaproteobacteria
TARA_ANE_MAG_00048,1236,found,class,Bacteria;Proteobacteria;Gammaproteobacteria
TARA_PON_MAG_00040,1224,found,phylum,Bacteria;Proteobacteria
TARA_MED_MAG_00033,1224,found,phylum,Bacteria;Proteobacteria
TARA_PON_MAG_00051,117743,found,class,Bacteria;Bacteroidetes;Flavobacteriia
TARA_PSW_MAG_00066,84994,found,family,Bacteria;Actinobacteria;Acidimicrobiia;Acidimicrobiales;Acidimicrobiaceae
TARA_MED_MAG_00001,28211,found,class,Bacteria;Proteobacteria;Alphaproteobacteria
TARA_PSW_MAG_00092,1236,found,class,Bacteria;Proteobacteria;Gammaproteobacteria
TARA_ION_MAG_00018,1236,found,class,Bacteria;Proteobacteria;Gammaproteobacteria
TARA_ASW_MAG_00037,38832,found,genus,Eukaryota;Chlorophyta;Mamiellophyceae;Mamiellales;Mamiellaceae;Micromonas
TARA_PSW_MAG_00120,170,found,family,Bacteria;Spirochaetes;Spirochaetia;Leptospiraceae
TARA_PSW_MAG_00082,2,found,superkingdom,Bacteria
TARA_ION_MAG_00014,135620,found,family,Bacteria;Proteobacteria;Gammaproteobacteria;Oceanospirillales;Oceanospirillaceae
TARA_MED_MAG_00110,1236,found,class,Bacteria;Proteobacteria;Gammaproteobacteria
TARA_MED_MAG_00015,28216,found,class,Bacteria;Proteobacteria;Betaproteobacteria
TARA_MED_MAG_00089,28216,found,class,Bacteria;Proteobacteria;Betaproteobacteria
TARA_PSW_MAG_00114,117743,found,class,Bacteria;Bacteroidetes;Flavobacteriia
TARA_PSW_MAG_00027,126,found,family,Bacteria;Planctomycetes;Planctomycetia;Planctomycetales;Planctomycetaceae
TARA_PSW_MAG_00135,2759,found,superkingdom,Eukaryota
TARA_MED_MAG_00010,200667,found,family,Bacteria;Bacteroidetes;Cytophagia;Cytophagales;Flammeovirgaceae
TARA_RED_MAG_00077,0,nomatch,,
TARA_RED_MAG_00110,28211,found,class,Bacteria;Proteobacteria;Alphaproteobacteria
TARA_RED_MAG_00109,28211,found,class,Bacteria;Proteobacteria;Alphaproteobacteria
TARA_PSE_MAG_00043,2,found,superkingdom,Bacteria
TARA_ANW_MAG_00025,200795,found,phylum,Bacteria;Chloroflexi
TARA_ION_MAG_00051,200667,found,family,Bacteria;Bacteroidetes;Cytophagia;Cytophagales;Flammeovirgaceae
TARA_ASW_MAG_00003,43988,found,genus,Bacteria;Cyanobacteria;Oscillatoriales;Cyanothecaceae;Cyanothece
TARA_PSW_MAG_00039,2,found,superkingdom,Bacteria
TARA_ION_MAG_00049,1236,found,class,Bacteria;Proteobacteria;Gammaproteobacteria
TARA_ASW_MAG_00008,69657,found,family,Bacteria;Proteobacteria;Alphaproteobacteria;Rhodobacterales;Hyphomonadaceae
TARA_PSE_MAG_00092,1655514,found,family,Bacteria;Proteobacteria;Alphaproteobacteria;Pelagibacterales;Pelagibacteraceae
TARA_ANW_MAG_00082,117743,found,class,Bacteria;Bacteroidetes;Flavobacteriia
TARA_SOC_MAG_00007,1236,found,class,Bacteria;Proteobacteria;Gammaproteobacteria
TARA_PSE_MAG_00107,49546,found,family,Bacteria;Bacteroidetes;Flavobacteriia;Flavobacteriales;Flavobacteriaceae
TARA_SOC_MAG_00001,28211,found,class,Bacteria;Proteobacteria;Alphaproteobacteria
TARA_PON_MAG_00067,1224,found,phylum,Bacteria;Proteobacteria
TARA_ION_MAG_00071,2759,found,superkingdom,Eukaryota
TARA_ANW_MAG_00050,41295,found,family,Bacteria;Proteobacteria;Alphaproteobacteria;Rhodospirillales;Rhodospirillaceae
TARA_ASW_MAG_00036,2902,found,genus,Eukaryota;Isochrysidales;Noelaerhabdaceae;Emiliania
TARA_PON_MAG_00002,414999,found,class,Bacteria;Verrucomicrobia;Opitutae
TARA_MED_MAG_00027,0,nomatch,,
TARA_IOS_MAG_00060,41295,found,family,Bacteria;Proteobacteria;Alphaproteobacteria;Rhodospirillales;Rhodospirillaceae
TARA_ION_MAG_00022,28211,found,class,Bacteria;Proteobacteria;Alphaproteobacteria
TARA_ION_MAG_00059,74201,found,phylum,Bacteria;Verrucomicrobia
TARA_ION_MAG_00058,2,disagree,genus,Bacteria
TARA_PSE_MAG_00053,117743,found,class,Bacteria;Bacteroidetes;Flavobacteriia
TARA_IOS_MAG_00062,28221,found,class,Bacteria;Proteobacteria;Deltaproteobacteria
TARA_IOS_MAG_00027,84994,found,family,Bacteria;Actinobacteria;Acidimicrobiia;Acidimicrobiales;Acidimicrobiaceae
TARA_RED_MAG_00100,126,found,family,Bacteria;Planctomycetes;Planctomycetia;Planctomycetales;Planctomycetaceae
TARA_PSE_MAG_00010,31989,found,family,Bacteria;Proteobacteria;Alphaproteobacteria;Rhodobacterales;Rhodobacteraceae
TARA_ASW_MAG_00013,28890,found,phylum,Archaea;Euryarchaeota
TARA_ION_MAG_00026,41295,found,family,Bacteria;Proteobacteria;Alphaproteobacteria;Rhodospirillales;Rhodospirillaceae
TARA_MED_MAG_00086,1236,found,class,Bacteria;Proteobacteria;Gammaproteobacteria
TARA_ANE_MAG_00020,28211,found,class,Bacteria;Proteobacteria;Alphaproteobacteria
TARA_PSE_MAG_00089,126,found,family,Bacteria;Planctomycetes;Planctomycetia;Planctomycetales;Planctomycetaceae
TARA_ANW_MAG_00061,117743,found,class,Bacteria;Bacteroidetes;Flavobacteriia
TARA_RED_MAG_00082,2,found,superkingdom,Bacteria
TARA_PON_MAG_00086,191,found,genus,Bacteria;Proteobacteria;Alphaproteobacteria;Rhodospirillales;Rhodospirillaceae;Azospirillum
TARA_RED_MAG_00078,126,found,family,Bacteria;Planctomycetes;Planctomycetia;Planctomycetales;Planctomycetaceae
TARA_ANW_MAG_00039,126,found,family,Bacteria;Planctomycetes;Planctomycetia;Planctomycetales;Planctomycetaceae
TARA_PSE_MAG_00007,117743,found,class,Bacteria;Bacteroidetes;Flavobacteriia
TARA_RED_MAG_00098,414999,found,class,Bacteria;Verrucomicrobia;Opitutae
TARA_ANW_MAG_00072,2,found,superkingdom,Bacteria
TARA_MED_MAG_00034,41295,found,family,Bacteria;Proteobacteria;Alphaproteobacteria;Rhodospirillales;Rhodospirillaceae
TARA_MED_MAG_00082,1236,found,class,Bacteria;Proteobacteria;Gammaproteobacteria
TARA_RED_MAG_00080,1236,found,class,Bacteria;Proteobacteria;Gammaproteobacteria
TARA_PSW_MAG_00084,41295,found,family,Bacteria;Proteobacteria;Alphaproteobacteria;Rhodospirillales;Rhodospirillaceae
TARA_RED_MAG_00094,41295,found,family,Bacteria;Proteobacteria;Alphaproteobacteria;Rhodospirillales;Rhodospirillaceae
TARA_ANE_MAG_00080,72275,found,family,Bacteria;Proteobacteria;Gammaproteobacteria;Alteromonadales;Alteromonadaceae
TARA_RED_MAG_00044,200795,found,phylum,Bacteria;Chloroflexi
TARA_ASE_MAG_00004,84994,found,family,Bacteria;Actinobacteria;Acidimicrobiia;Acidimicrobiales;Acidimicrobiaceae
TARA_PSW_MAG_00085,28211,found,class,Bacteria;Proteobacteria;Alphaproteobacteria
TARA_ASW_MAG_00034,38832,found,genus,Eukaryota;Chlorophyta;Mamiellophyceae;Mamiellales;Mamiellaceae;Micromonas
TARA_IOS_MAG_00073,44055,found,genus,Eukaryota;Pelagophyceae;Pelagomonadales;Aureococcus
TARA_MED_MAG_00101,117743,found,class,Bacteria;Bacteroidetes;Flavobacteriia
TARA_PON_MAG_00074,41874,found,genus,Eukaryota;Chlorophyta;Mamiellophyceae;Mamiellales;Bathycoccaceae;Bathycoccus
TARA_ANE_MAG_00007,33882,found,genus,Bacteria;Actinobacteria;Actinobacteria;Micrococcales;Microbacteriaceae;Microbacterium
TARA_ASW_MAG_00032,2902,found,genus,Eukaryota;Isochrysidales;Noelaerhabdaceae;Emiliania
TARA_RED_MAG_00047,2,found,superkingdom,Bacteria
TARA_PSE_MAG_00103,74030,found,genus,Bacteria;Proteobacteria;Alphaproteobacteria;Rhodobacterales;Rhodobacteraceae;Roseovarius
TARA_IOS_MAG_00006,59753,found,genus,Bacteria;Proteobacteria;Gammaproteobacteria;Oceanospirillales;Alcanivoracaceae;Alcanivorax
TARA_ANE_MAG_00074,1760,found,class,Bacteria;Actinobacteria;Actinobacteria
TARA_ION_MAG_00036,414999,found,class,Bacteria;Verrucomicrobia;Opitutae
TARA_RED_MAG_00105,335929,found,family,Bacteria;Proteobacteria;Alphaproteobacteria;Sphingomonadales;Erythrobacteraceae
TARA_ION_MAG_00039,117743,found,class,Bacteria;Bacteroidetes;Flavobacteriia
TARA_MED_MAG_00028,41295,found,family,Bacteria;Proteobacteria;Alphaproteobacteria;Rhodospirillales;Rhodospirillaceae
TARA_PSE_MAG_00115,1224,found,phylum,Bacteria;Proteobacteria
TARA_PSW_MAG_00104,117743,found,class,Bacteria;Bacteroidetes;Flavobacteriia
TARA_ION_MAG_00040,28890,found,phylum,Archaea;Euryarchaeota
TARA_ION_MAG_00041,414999,found,class,Bacteria;Verrucomicrobia;Opitutae
TARA_ANW_MAG_00059,31989,found,family,Bacteria;Proteobacteria;Alphaproteobacteria;Rhodobacterales;Rhodobacteraceae
TARA_RED_MAG_00053,200795,found,phylum,Bacteria;Chloroflexi
TARA_RED_MAG_00050,118,found,genus,Bacteria;Planctomycetes;Planctomycetia;Planctomycetales;Planctomycetaceae;Planctomyces
TARA_PON_MAG_00069,117743,found,class,Bacteria;Bacteroidetes;Flavobacteriia
TARA_PSE_MAG_00027,41295,found,family,Bacteria;Proteobacteria;Alphaproteobacteria;Rhodospirillales;Rhodospirillaceae
TARA_IOS_MAG_00047,28890,found,phylum,Archaea;Euryarchaeota
TARA_PON_MAG_00060,28221,found,class,Bacteria;Proteobacteria;Deltaproteobacteria
TARA_PSW_MAG_00129,28108,found,species,Bacteria;Proteobacteria;Gammaproteobacteria;Alteromonadales;Alteromonadaceae;Alteromonas;Alteromonas macleodii
TARA_MED_MAG_00065,1236,found,class,Bacteria;Proteobacteria;Gammaproteobacteria
TARA_MED_MAG_00129,28211,found,class,Bacteria;Proteobacteria;Alphaproteobacteria
TARA_RED_MAG_00023,0,nomatch,,
TARA_MED_MAG_00068,1236,found,class,Bacteria;Proteobacteria;Gammaproteobacteria
TARA_ANE_MAG_00070,768503,found,class,Bacteria;Bacteroidetes;Cytophagia
TARA_ION_MAG_00056,414999,found,class,Bacteria;Verrucomicrobia;Opitutae
TARA_ASW_MAG_00015,84994,found,family,Bacteria;Actinobacteria;Acidimicrobiia;Acidimicrobiales;Acidimicrobiaceae
TARA_IOS_MAG_00004,41295,found,family,Bacteria;Proteobacteria;Alphaproteobacteria;Rhodospirillales;Rhodospirillaceae
TARA_IOS_MAG_00023,41295,found,family,Bacteria;Proteobacteria;Alphaproteobacteria;Rhodospirillales;Rhodospirillaceae
TARA_PON_MAG_00070,28221,found,class,Bacteria;Proteobacteria;Deltaproteobacteria
TARA_RED_MAG_00101,41295,found,family,Bacteria;Proteobacteria;Alphaproteobacteria;Rhodospirillales;Rhodospirillaceae
TARA_RED_MAG_00018,28890,found,phylum,Archaea;Euryarchaeota
TARA_ANE_MAG_00008,28211,found,class,Bacteria;Proteobacteria;Alphaproteobacteria
TARA_PON_MAG_00027,795747,found,class,Bacteria;Ignavibacteriae;Ignavibacteria
TARA_ION_MAG_00073,2902,found,genus,Eukaryota;Isochrysidales;Noelaerhabdaceae;Emiliania
TARA_PSW_MAG_00019,1236,found,class,Bacteria;Proteobacteria;Gammaproteobacteria
TARA_ANE_MAG_00096,28108,found,species,Bacteria;Proteobacteria;Gammaproteobacteria;Alteromonadales;Alteromonadaceae;Alteromonas;Alteromonas macleodii
TARA_MED_MAG_00132,72275,found,family,Bacteria;Proteobacteria;Gammaproteobacteria;Alteromonadales;Alteromonadaceae
TARA_IOS_MAG_00077,2759,found,superkingdom,Eukaryota
TARA_PSE_MAG_00077,335929,found,family,Bacteria;Proteobacteria;Alphaproteobacteria;Sphingomonadales;Erythrobacteraceae
TARA_ASE_MAG_00012,1236,found,class,Bacteria;Proteobacteria;Gammaproteobacteria
TARA_IOS_MAG_00010,41295,found,family,Bacteria;Proteobacteria;Alphaproteobacteria;Rhodospirillales;Rhodospirillaceae
TARA_MED_MAG_00035,49546,found,family,Bacteria;Bacteroidetes;Flavobacteriia;Flavobacteriales;Flavobacteriaceae
TARA_MED_MAG_00114,49546,found,family,Bacteria;Bacteroidetes;Flavobacteriia;Flavobacteriales;Flavobacteriaceae
TARA_PSE_MAG_00127,117743,found,class,Bacteria;Bacteroidetes;Flavobacteriia
TARA_PSE_MAG_00136,2902,found,genus,Eukaryota;Isochrysidales;Noelaerhabdaceae;Emiliania
TARA_RED_MAG_00043,0,nomatch,,
TARA_PSW_MAG_00073,28890,found,phylum,Archaea;Euryarchaeota
TARA_ION_MAG_00031,414999,found,class,Bacteria;Verrucomicrobia;Opitutae
TARA_PSE_MAG_00025,31989,found,family,Bacteria;Proteobacteria;Alphaproteobacteria;Rhodobacterales;Rhodobacteraceae
TARA_MED_MAG_00091,41295,found,family,Bacteria;Proteobacteria;Alphaproteobacteria;Rhodospirillales;Rhodospirillaceae
TARA_ASW_MAG_00033,1236,found,class,Bacteria;Proteobacteria;Gammaproteobacteria
TARA_MED_MAG_00067,28216,found,class,Bacteria;Proteobacteria;Betaproteobacteria
TARA_PSE_MAG_00015,1236,found,class,Bacteria;Proteobacteria;Gammaproteobacteria
TARA_PON_MAG_00082,70447,found,genus,Eukaryota;Chlorophyta;Mamiellophyceae;Mamiellales;Bathycoccaceae;Ostreococcus
TARA_ION_MAG_00057,41295,found,family,Bacteria;Proteobacteria;Alphaproteobacteria;Rhodospirillales;Rhodospirillaceae
TARA_PON_MAG_00084,414999,found,class,Bacteria;Verrucomicrobia;Opitutae
TARA_RED_MAG_00091,28211,found,class,Bacteria;Proteobacteria;Alphaproteobacteria
TARA_PSE_MAG_00066,126,found,family,Bacteria;Planctomycetes;Planctomycetia;Planctomycetales;Planctomycetaceae
TARA_ANE_MAG_00056,200795,found,phylum,Bacteria;Chloroflexi
TARA_PSE_MAG_00118,135620,found,family,Bacteria;Proteobacteria;Gammaproteobacteria;Oceanospirillales;Oceanospirillaceae
TARA_MED_MAG_00121,1224,found,phylum,Bacteria;Proteobacteria
TARA_IOS_MAG_00039,28890,found,phylum,Archaea;Euryarchaeota
TARA_ASW_MAG_00040,2759,found,superkingdom,Eukaryota
TARA_ANW_MAG_00027,0,nomatch,,
TARA_RED_MAG_00014,200795,found,phylum,Bacteria;Chloroflexi
TARA_ANW_MAG_00079,2759,found,superkingdom,Eukaryota
TARA_RED_MAG_00066,28211,found,class,Bacteria;Proteobacteria;Alphaproteobacteria
TARA_SOC_MAG_00012,117743,found,class,Bacteria;Bacteroidetes;Flavobacteriia
TARA_ANW_MAG_00056,414999,found,class,Bacteria;Verrucomicrobia;Opitutae
TARA_ANW_MAG_00076,117743,found,class,Bacteria;Bacteroidetes;Flavobacteriia
TARA_IOS_MAG_00030,28890,found,phylum,Archaea;Euryarchaeota
TARA_PSW_MAG_00109,1236,found,class,Bacteria;Proteobacteria;Gammaproteobacteria
TARA_MED_MAG_00055,2,found,superkingdom,Bacteria
TARA_PSW_MAG_00097,126,found,family,Bacteria;Planctomycetes;Planctomycetia;Planctomycetales;Planctomycetaceae
TARA_ASW_MAG_00004,135620,found,family,Bacteria;Proteobacteria;Gammaproteobacteria;Oceanospirillales;Oceanospirillaceae
TARA_RED_MAG_00104,2742,found,genus,Bacteria;Proteobacteria;Gammaproteobacteria;Alteromonadales;Alteromonadaceae;Marinobacter
TARA_ANW_MAG_00068,167375,found,genus,Bacteria;Cyanobacteria;Synechococcales;Synechococcaceae;Cyanobium
TARA_SOC_MAG_00005,117743,found,class,Bacteria;Bacteroidetes;Flavobacteriia
TARA_ANE_MAG_00066,28211,found,class,Bacteria;Proteobacteria;Alphaproteobacteria
TARA_PSE_MAG_00084,1655514,found,family,Bacteria;Proteobacteria;Alphaproteobacteria;Pelagibacterales;Pelagibacteraceae
TARA_PSE_MAG_00031,117743,found,class,Bacteria;Bacteroidetes;Flavobacteriia
TARA_RED_MAG_00086,28211,found,class,Bacteria;Proteobacteria;Alphaproteobacteria
TARA_PON_MAG_00007,117743,found,class,Bacteria;Bacteroidetes;Flavobacteriia
TARA_ANW_MAG_00031,41295,found,family,Bacteria;Proteobacteria;Alphaproteobacteria;Rhodospirillales;Rhodospirillaceae
TARA_MED_MAG_00073,414999,found,class,Bacteria;Verrucomicrobia;Opitutae
TARA_ANE_MAG_00051,117743,found,class,Bacteria;Bacteroidetes;Flavobacteriia
TARA_RED_MAG_00087,1236,found,class,Bacteria;Proteobacteria;Gammaproteobacteria
TARA_ANW_MAG_00021,117743,found,class,Bacteria;Bacteroidetes;Flavobacteriia
TARA_MED_MAG_00077,0,nomatch,,
TARA_ANW_MAG_00080,38832,found,genus,Eukaryota;Chlorophyta;Mamiellophyceae;Mamiellales;Mamiellaceae;Micromonas
TARA_PSW_MAG_00061,117743,found,class,Bacteria;Bacteroidetes;Flavobacteriia
TARA_SOC_MAG_00002,72275,found,family,Bacteria;Proteobacteria;Gammaproteobacteria;Alteromonadales;Alteromonadaceae
TARA_SOC_MAG_00006,117743,found,class,Bacteria;Bacteroidetes;Flavobacteriia
TARA_PSE_MAG_00016,28211,found,class,Bacteria;Proteobacteria;Alphaproteobacteria
TARA_PSW_MAG_00017,1763,found,genus,Bacteria;Actinobacteria;Actinobacteria;Corynebacteriales;Mycobacteriaceae;Mycobacterium
TARA_RED_MAG_00106,203557,found,family,Bacteria;Verrucomicrobia;Verrucomicrobiae;Verrucomicrobiales;Verrucomicrobiaceae
TARA_ASW_MAG_00021,28890,found,phylum,Archaea;Euryarchaeota
TARA_ION_MAG_00052,1236,found,class,Bacteria;Proteobacteria;Gammaproteobacteria
TARA_ASW_MAG_00047,2902,found,genus,Eukaryota;Isochrysidales;Noelaerhabdaceae;Emiliania
TARA_MED_MAG_00102,28211,found,class,Bacteria;Proteobacteria;Alphaproteobacteria
TARA_RED_MAG_00029,414999,found,class,Bacteria;Verrucomicrobia;Opitutae
TARA_PON_MAG_00012,117743,found,class,Bacteria;Bacteroidetes;Flavobacteriia
TARA_MED_MAG_00047,1236,found,class,Bacteria;Proteobacteria;Gammaproteobacteria
TARA_PSE_MAG_00002,153232,found,genus,Bacteria;Proteobacteria;Alphaproteobacteria;Rhodobacterales;Hyphomonadaceae;Oceanicaulis
TARA_MED_MAG_00142,53246,found,genus,Bacteria;Proteobacteria;Gammaproteobacteria;Alteromonadales;Pseudoalteromonadaceae;Pseudoalteromonas
TARA_PSE_MAG_00078,49546,found,family,Bacteria;Bacteroidetes;Flavobacteriia;Flavobacteriales;Flavobacteriaceae
TARA_PSE_MAG_00101,335929,found,family,Bacteria;Proteobacteria;Alphaproteobacteria;Sphingomonadales;Erythrobacteraceae
TARA_ASW_MAG_00041,2759,found,superkingdom,Eukaryota
TARA_ANE_MAG_00081,126,found,family,Bacteria;Planctomycetes;Planctomycetia;Planctomycetales;Planctomycetaceae
TARA_MED_MAG_00020,28211,found,class,Bacteria;Proteobacteria;Alphaproteobacteria
TARA_PSE_MAG_00050,117743,found,class,Bacteria;Bacteroidetes;Flavobacteriia
TARA_PSW_MAG_00101,28890,found,phylum,Archaea;Euryarchaeota
TARA_ANW_MAG_00041,28211,found,class,Bacteria;Proteobacteria;Alphaproteobacteria
TARA_ASE_MAG_00025,117743,found,class,Bacteria;Bacteroidetes;Flavobacteriia
TARA_RED_MAG_00033,200795,found,phylum,Bacteria;Chloroflexi
TARA_RED_MAG_00068,2,found,superkingdom,Bacteria
TARA_IOS_MAG_00046,84994,found,family,Bacteria;Actinobacteria;Acidimicrobiia;Acidimicrobiales;Acidimicrobiaceae
TARA_ANE_MAG_00101,38832,found,genus,Eukaryota;Chlorophyta;Mamiellophyceae;Mamiellales;Mamiellaceae;Micromonas
TARA_PSE_MAG_00144,53246,found,genus,Bacteria;Proteobacteria;Gammaproteobacteria;Alteromonadales;Pseudoalteromonadaceae;Pseudoalteromonas
TARA_MED_MAG_00134,414999,found,class,Bacteria;Verrucomicrobia;Opitutae
TARA_RED_MAG_00069,2,found,superkingdom,Bacteria
TARA_PON_MAG_00081,1224,found,phylum,Bacteria;Proteobacteria
TARA_ANE_MAG_00082,203557,found,family,Bacteria;Verrucomicrobia;Verrucomicrobiae;Verrucomicrobiales;Verrucomicrobiaceae
TARA_PSW_MAG_00029,74030,found,genus,Bacteria;Proteobacteria;Alphaproteobacteria;Rhodobacterales;Rhodobacteraceae;Roseovarius
TARA_PON_MAG_00052,1236,found,class,Bacteria;Proteobacteria;Gammaproteobacteria
TARA_PSE_MAG_00070,28890,found,phylum,Archaea;Euryarchaeota
TARA_ASW_MAG_00039,38832,found,genus,Eukaryota;Chlorophyta;Mamiellophyceae;Mamiellales;Mamiellaceae;Micromonas
TARA_IOS_MAG_00065,2,found,superkingdom,Bacteria
TARA_PSW_MAG_00107,200795,found,phylum,Bacteria;Chloroflexi
TARA_RED_MAG_00089,2,found,superkingdom,Bacteria
TARA_IOS_MAG_00049,126,found,family,Bacteria;Planctomycetes;Planctomycetia;Planctomycetales;Planctomycetaceae
TARA_ANE_MAG_00094,41295,found,family,Bacteria;Proteobacteria;Alphaproteobacteria;Rhodospirillales;Rhodospirillaceae
TARA_ION_MAG_00054,1236,found,class,Bacteria;Proteobacteria;Gammaproteobacteria
TARA_ANE_MAG_00025,117743,found,class,Bacteria;Bacteroidetes;Flavobacteriia
TARA_ASW_MAG_00022,82115,found,family,Bacteria;Proteobacteria;Alphaproteobacteria;Rhizobiales;Rhizobiaceae
TARA_ANE_MAG_00009,82115,found,family,Bacteria;Proteobacteria;Alphaproteobacteria;Rhizobiales;Rhizobiaceae
TARA_PSW_MAG_00037,1224,found,phylum,Bacteria;Proteobacteria
TARA_RED_MAG_00022,135620,found,family,Bacteria;Proteobacteria;Gammaproteobacteria;Oceanospirillales;Oceanospirillaceae
TARA_ASE_MAG_00020,203557,found,family,Bacteria;Verrucomicrobia;Verrucomicrobiae;Verrucomicrobiales;Verrucomicrobiaceae
TARA_PSW_MAG_00126,213121,found,family,Bacteria;Proteobacteria;Deltaproteobacteria;Desulfobacterales;Desulfobulbaceae
TARA_PSE_MAG_00075,117743,found,class,Bacteria;Bacteroidetes;Flavobacteriia
TARA_ASE_MAG_00036,70447,found,genus,Eukaryota;Chlorophyta;Mamiellophyceae;Mamiellales;Bathycoccaceae;Ostreococcus
TARA_MED_MAG_00046,1236,found,class,Bacteria;Proteobacteria;Gammaproteobacteria
TARA_MED_MAG_00137,314275,found,species,Bacteria;Proteobacteria;Gammaproteobacteria;Alteromonadales;Alteromonadaceae;Alteromonas;Alteromonas mediterranea
TARA_PON_MAG_00088,31,found,family,Bacteria;Proteobacteria;Deltaproteobacteria;Myxococcales;Myxococcaceae
TARA_MED_MAG_00088,1236,found,class,Bacteria;Proteobacteria;Gammaproteobacteria
TARA_RED_MAG_00062,28890,found,phylum,Archaea;Euryarchaeota
TARA_MED_MAG_00125,41295,found,family,Bacteria;Proteobacteria;Alphaproteobacteria;Rhodospirillales;Rhodospirillaceae
TARA_ANE_MAG_00050,28211,found,class,Bacteria;Proteobacteria;Alphaproteobacteria
TARA_PSW_MAG_00049,84994,found,family,Bacteria;Actinobacteria;Acidimicrobiia;Acidimicrobiales;Acidimicrobiaceae
TARA_PSW_MAG_00038,203557,found,family,Bacteria;Verrucomicrobia;Verrucomicrobiae;Verrucomicrobiales;Verrucomicrobiaceae
TARA_PSE_MAG_00035,28256,found,family,Bacteria;Proteobacteria;Gammaproteobacteria;Oceanospirillales;Halomonadaceae
TARA_PSE_MAG_00080,41295,found,family,Bacteria;Proteobacteria;Alphaproteobacteria;Rhodospirillales;Rhodospirillaceae
TARA_MED_MAG_00139,53246,found,genus,Bacteria;Proteobacteria;Gammaproteobacteria;Alteromonadales;Pseudoalteromonadaceae;Pseudoalteromonas
TARA_ASW_MAG_00045,2759,found,superkingdom,Eukaryota
TARA_PSE_MAG_00087,1236,found,class,Bacteria;Proteobacteria;Gammaproteobacteria
TARA_PSW_MAG_00064,28221,found,class,Bacteria;Proteobacteria;Deltaproteobacteria
TARA_ASW_MAG_00044,53246,found,genus,Bacteria;Proteobacteria;Gammaproteobacteria;Alteromonadales;Pseudoalteromonadaceae;Pseudoalteromonas
TARA_ANE_MAG_00043,117743,found,class,Bacteria;Bacteroidetes;Flavobacteriia
TARA_ANW_MAG_00067,2,found,superkingdom,Bacteria
TARA_PON_MAG_00062,203557,found,family,Bacteria;Verrucomicrobia;Verrucomicrobiae;Verrucomicrobiales;Verrucomicrobiaceae
TARA_MED_MAG_00002,1236,found,class,Bacteria;Proteobacteria;Gammaproteobacteria
TARA_ANE_MAG_00004,976,found,phylum,Bacteria;Bacteroidetes
TARA_IOS_MAG_00069,28221,found,class,Bacteria;Proteobacteria;Deltaproteobacteria
TARA_PSW_MAG_00123,126,found,family,Bacteria;Planctomycetes;Planctomycetia;Planctomycetales;Planctomycetaceae
TARA_ASE_MAG_00037,44055,found,genus,Eukaryota;Pelagophyceae;Pelagomonadales;Aureococcus
TARA_ANW_MAG_00014,126,found,family,Bacteria;Planctomycetes;Planctomycetia;Planctomycetales;Planctomycetaceae
TARA_PSE_MAG_00111,335929,found,family,Bacteria;Proteobacteria;Alphaproteobacteria;Sphingomonadales;Erythrobacteraceae
TARA_MED_MAG_00100,0,nomatch,,
TARA_MED_MAG_00130,414999,found,class,Bacteria;Verrucomicrobia;Opitutae
TARA_ANE_MAG_00003,414999,found,class,Bacteria;Verrucomicrobia;Opitutae
TARA_PON_MAG_00076,1236,found,class,Bacteria;Proteobacteria;Gammaproteobacteria
TARA_ION_MAG_00045,1236,found,class,Bacteria;Proteobacteria;Gammaproteobacteria
TARA_MED_MAG_00043,28211,found,class,Bacteria;Proteobacteria;Alphaproteobacteria
TARA_PSE_MAG_00097,118,found,genus,Bacteria;Planctomycetes;Planctomycetia;Planctomycetales;Planctomycetaceae;Planctomyces
TARA_PSE_MAG_00139,28221,found,class,Bacteria;Proteobacteria;Deltaproteobacteria
TARA_ANE_MAG_00006,1236,found,class,Bacteria;Proteobacteria;Gammaproteobacteria
TARA_ASW_MAG_00018,246874,found,family,Bacteria;Bacteroidetes;Flavobacteriia;Flavobacteriales;Cryomorphaceae
TARA_ION_MAG_00009,135620,found,family,Bacteria;Proteobacteria;Gammaproteobacteria;Oceanospirillales;Oceanospirillaceae
TARA_RED_MAG_00024,28221,found,class,Bacteria;Proteobacteria;Deltaproteobacteria
TARA_ANE_MAG_00012,1236,found,class,Bacteria;Proteobacteria;Gammaproteobacteria
TARA_PON_MAG_00075,2,found,superkingdom,Bacteria
TARA_MED_MAG_00143,2759,found,superkingdom,Eukaryota
TARA_IOS_MAG_00042,1224,found,phylum,Bacteria;Proteobacteria
TARA_ANE_MAG_00097,2902,found,genus,Eukaryota;Isochrysidales;Noelaerhabdaceae;Emiliania
TARA_IOS_MAG_00061,72275,found,family,Bacteria;Proteobacteria;Gammaproteobacteria;Alteromonadales;Alteromonadaceae
TARA_PSE_MAG_00106,69657,found,family,Bacteria;Proteobacteria;Alphaproteobacteria;Rhodobacterales;Hyphomonadaceae
TARA_ANW_MAG_00030,117743,found,class,Bacteria;Bacteroidetes;Flavobacteriia
TARA_ANE_MAG_00030,28890,found,phylum,Archaea;Euryarchaeota
TARA_PSW_MAG_00074,28211,found,class,Bacteria;Proteobacteria;Alphaproteobacteria
TARA_MED_MAG_00030,1236,found,class,Bacteria;Proteobacteria;Gammaproteobacteria
TARA_MED_MAG_00064,28211,found,class,Bacteria;Proteobacteria;Alphaproteobacteria
TARA_PSE_MAG_00125,126,found,family,Bacteria;Planctomycetes;Planctomycetia;Planctomycetales;Planctomycetaceae
TARA_PSE_MAG_00057,0,nomatch,,
TARA_ION_MAG_00048,168934,found,genus,Bacteria;Proteobacteria;Alphaproteobacteria;Rhodospirillales;Rhodospirillaceae;Thalassospira
TARA_ION_MAG_00033,28890,found,phylum,Archaea;Euryarchaeota
TARA_IOS_MAG_00008,153232,found,genus,Bacteria;Proteobacteria;Alphaproteobacteria;Rhodobacterales;Hyphomonadaceae;Oceanicaulis
TARA_PSW_MAG_00089,72275,found,family,Bacteria;Proteobacteria;Gammaproteobacteria;Alteromonadales;Alteromonadaceae
TARA_PSE_MAG_00001,976,found,phylum,Bacteria;Bacteroidetes
TARA_ION_MAG_00027,0,nomatch,,
TARA_PON_MAG_00066,57723,found,phylum,Bacteria;Acidobacteria
TARA_ASE_MAG_00021,89374,found,family,Bacteria;Bacteroidetes;Saprospiria;Saprospirales;Saprospiraceae
TARA_ANW_MAG_00034,117743,found,class,Bacteria;Bacteroidetes;Flavobacteriia
TARA_PSE_MAG_00086,1224,found,phylum,Bacteria;Proteobacteria
TARA_MED_MAG_00117,414999,found,class,Bacteria;Verrucomicrobia;Opitutae
TARA_IOS_MAG_00075,2902,found,genus,Eukaryota;Isochrysidales;Noelaerhabdaceae;Emiliania
TARA_RED_MAG_00117,91061,found,class,Bacteria;Firmicutes;Bacilli
TARA_ANW_MAG_00003,28211,found,class,Bacteria;Proteobacteria;Alphaproteobacteria
TARA_IOS_MAG_00063,2742,found,genus,Bacteria;Proteobacteria;Gammaproteobacteria;Alteromonadales;Alteromonadaceae;Marinobacter
TARA_RED_MAG_00036,118,found,genus,Bacteria;Planctomycetes;Planctomycetia;Planctomycetales;Planctomycetaceae;Planctomyces
TARA_PSW_MAG_00054,117743,found,class,Bacteria;Bacteroidetes;Flavobacteriia
TARA_RED_MAG_00083,84994,found,family,Bacteria;Actinobacteria;Acidimicrobiia;Acidimicrobiales;Acidimicrobiaceae
TARA_IOS_MAG_00024,1224,found,phylum,Bacteria;Proteobacteria
TARA_PON_MAG_00009,84994,found,family,Bacteria;Actinobacteria;Acidimicrobiia;Acidimicrobiales;Acidimicrobiaceae
TARA_ASE_MAG_00015,117743,found,class,Bacteria;Bacteroidetes;Flavobacteriia
TARA_PSE_MAG_00009,117743,found,class,Bacteria;Bacteroidetes;Flavobacteriia
TARA_PSE_MAG_00140,41874,found,genus,Eukaryota;Chlorophyta;Mamiellophyceae;Mamiellales;Bathycoccaceae;Bathycoccus
TARA_ANE_MAG_00038,203557,found,family,Bacteria;Verrucomicrobia;Verrucomicrobiae;Verrucomicrobiales;Verrucomicrobiaceae
TARA_PSW_MAG_00069,41295,found,family,Bacteria;Proteobacteria;Alphaproteobacteria;Rhodospirillales;Rhodospirillaceae
TARA_PSW_MAG_00053,2,found,superkingdom,Bacteria
TARA_PSW_MAG_00004,59753,found,genus,Bacteria;Proteobacteria;Gammaproteobacteria;Oceanospirillales;Alcanivoracaceae;Alcanivorax
TARA_ION_MAG_00028,84994,found,family,Bacteria;Actinobacteria;Acidimicrobiia;Acidimicrobiales;Acidimicrobiaceae
TARA_IOS_MAG_00012,28211,found,class,Bacteria;Proteobacteria;Alphaproteobacteria
TARA_ANW_MAG_00026,28211,found,class,Bacteria;Proteobacteria;Alphaproteobacteria
TARA_PSW_MAG_00062,1236,found,class,Bacteria;Proteobacteria;Gammaproteobacteria
TARA_RED_MAG_00010,200795,found,phylum,Bacteria;Chloroflexi
TARA_PON_MAG_00005,28211,found,class,Bacteria;Proteobacteria;Alphaproteobacteria
TARA_ASE_MAG_00003,89374,found,family,Bacteria;Bacteroidetes;Saprospiria;Saprospirales;Saprospiraceae
TARA_MED_MAG_00092,1236,found,class,Bacteria;Proteobacteria;Gammaproteobacteria
TARA_RED_MAG_00038,0,nomatch,,
TARA_ANW_MAG_00046,28890,found,phylum,Archaea;Euryarchaeota
TARA_PSW_MAG_00020,28211,found,class,Bacteria;Proteobacteria;Alphaproteobacteria
TARA_MED_MAG_00039,28211,found,class,Bacteria;Proteobacteria;Alphaproteobacteria
TARA_RED_MAG_00026,28211,found,class,Bacteria;Proteobacteria;Alphaproteobacteria
TARA_RED_MAG_00093,126,found,family,Bacteria;Planctomycetes;Planctomycetia;Planctomycetales;Planctomycetaceae
TARA_ANW_MAG_00045,28890,found,phylum,Archaea;Euryarchaeota
TARA_ION_MAG_00032,72275,found,family,Bacteria;Proteobacteria;Gammaproteobacteria;Alteromonadales;Alteromonadaceae
TARA_ASW_MAG_00035,41874,found,genus,Eukaryota;Chlorophyta;Mamiellophyceae;Mamiellales;Bathycoccaceae;Bathycoccus
TARA_IOS_MAG_00055,414999,found,class,Bacteria;Verrucomicrobia;Opitutae
TARA_ANE_MAG_00044,28211,found,class,Bacteria;Proteobacteria;Alphaproteobacteria
TARA_PON_MAG_00068,126,found,family,Bacteria;Planctomycetes;Planctomycetia;Planctomycetales;Planctomycetaceae
TARA_ANE_MAG_00016,28211,found,class,Bacteria;Proteobacteria;Alphaproteobacteria
TARA_PSE_MAG_00065,186801,found,class,Bacteria;Firmicutes;Clostridia
TARA_RED_MAG_00122,942,found,family,Bacteria;Proteobacteria;Alphaproteobacteria;Rickettsiales;Anaplasmataceae
TARA_MED_MAG_00036,414999,found,class,Bacteria;Verrucomicrobia;Opitutae
TARA_ANE_MAG_00086,41874,found,genus,Eukaryota;Chlorophyta;Mamiellophyceae;Mamiellales;Bathycoccaceae;Bathycoccus
TARA_ANE_MAG_00041,117743,found,class,Bacteria;Bacteroidetes;Flavobacteriia
TARA_MED_MAG_00111,28211,found,class,Bacteria;Proteobacteria;Alphaproteobacteria
TARA_PSE_MAG_00105,414999,found,class,Bacteria;Verrucomicrobia;Opitutae
TARA_IOS_MAG_00064,1236,found,class,Bacteria;Proteobacteria;Gammaproteobacteria
TARA_PSW_MAG_00083,414999,found,class,Bacteria;Verrucomicrobia;Opitutae
TARA_ASW_MAG_00014,1236,found,class,Bacteria;Proteobacteria;Gammaproteobacteria
TARA_MED_MAG_00051,1236,found,class,Bacteria;Proteobacteria;Gammaproteobacteria
TARA_MED_MAG_00070,1224,found,phylum,Bacteria;Proteobacteria
TARA_ASW_MAG_00020,0,nomatch,,
TARA_PON_MAG_00053,28211,found,class,Bacteria;Proteobacteria;Alphaproteobacteria
TARA_PSE_MAG_00062,31989,found,family,Bacteria;Proteobacteria;Alphaproteobacteria;Rhodobacterales;Rhodobacteraceae
TARA_SOC_MAG_00004,117743,found,class,Bacteria;Bacteroidetes;Flavobacteriia
TARA_RED_MAG_00072,28890,found,phylum,Archaea;Euryarchaeota
TARA_ASW_MAG_00001,1236,found,class,Bacteria;Proteobacteria;Gammaproteobacteria
TARA_PON_MAG_00043,0,nomatch,,
TARA_ANE_MAG_00065,28890,found,phylum,Archaea;Euryarchaeota
TARA_MED_MAG_00136,41295,found,family,Bacteria;Proteobacteria;Alphaproteobacteria;Rhodospirillales;Rhodospirillaceae
TARA_PSW_MAG_00098,1655514,found,family,Bacteria;Proteobacteria;Alphaproteobacteria;Pelagibacterales;Pelagibacteraceae
TARA_PON_MAG_00015,28221,found,class,Bacteria;Proteobacteria;Deltaproteobacteria
TARA_MED_MAG_00109,28890,found,phylum,Archaea;Euryarchaeota
TARA_PON_MAG_00031,31989,found,family,Bacteria;Proteobacteria;Alphaproteobacteria;Rhodobacterales;Rhodobacteraceae
TARA_RED_MAG_00039,0,nomatch,,
TARA_IOS_MAG_00076,2759,found,superkingdom,Eukaryota
TARA_SOC_MAG_00011,52959,found,genus,Bacteria;Bacteroidetes;Flavobacteriia;Flavobacteriales;Flavobacteriaceae;Polaribacter
TARA_PSE_MAG_00018,200667,found,family,Bacteria;Bacteroidetes;Cytophagia;Cytophagales;Flammeovirgaceae
TARA_ION_MAG_00070,72275,found,family,Bacteria;Proteobacteria;Gammaproteobacteria;Alteromonadales;Alteromonadaceae
TARA_ANW_MAG_00057,28211,found,class,Bacteria;Proteobacteria;Alphaproteobacteria
TARA_ION_MAG_00012,0,nomatch,,
TARA_RED_MAG_00052,0,nomatch,,
TARA_RED_MAG_00004,28211,found,class,Bacteria;Proteobacteria;Alphaproteobacteria
TARA_PSW_MAG_00016,1224,found,phylum,Bacteria;Proteobacteria
TARA_PON_MAG_00054,2,found,superkingdom,Bacteria
TARA_ANE_MAG_00036,117743,found,class,Bacteria;Bacteroidetes;Flavobacteriia
TARA_ANE_MAG_00022,1236,found,class,Bacteria;Proteobacteria;Gammaproteobacteria
TARA_IOS_MAG_00014,414999,found,class,Bacteria;Verrucomicrobia;Opitutae
TARA_ASE_MAG_00011,28890,found,phylum,Archaea;Euryarchaeota
TARA_MED_MAG_00066,28211,found,class,Bacteria;Proteobacteria;Alphaproteobacteria
TARA_ASW_MAG_00017,28890,found,phylum,Archaea;Euryarchaeota
TARA_RED_MAG_00032,28221,found,class,Bacteria;Proteobacteria;Deltaproteobacteria
TARA_MED_MAG_00050,28211,found,class,Bacteria;Proteobacteria;Alphaproteobacteria
TARA_MED_MAG_00005,0,nomatch,,
TARA_IOS_MAG_00018,203557,found,family,Bacteria;Verrucomicrobia;Verrucomicrobiae;Verrucomicrobiales;Verrucomicrobiaceae
TARA_PSE_MAG_00014,200667,found,family,Bacteria;Bacteroidetes;Cytophagia;Cytophagales;Flammeovirgaceae
TARA_PSE_MAG_00042,286,found,genus,Bacteria;Proteobacteria;Gammaproteobacteria;Pseudomonadales;Pseudomonadaceae;Pseudomonas
TARA_RED_MAG_00001,72173,found,genus,Bacteria;Proteobacteria;Alphaproteobacteria;Sphingomonadales;Sphingomonadaceae;Citromicrobium
TARA_IOS_MAG_00057,28221,found,class,Bacteria;Proteobacteria;Deltaproteobacteria
TARA_PSW_MAG_00105,203557,found,family,Bacteria;Verrucomicrobia;Verrucomicrobiae;Verrucomicrobiales;Verrucomicrobiaceae
TARA_IOS_MAG_00005,414999,found,class,Bacteria;Verrucomicrobia;Opitutae
TARA_PSE_MAG_00033,117743,found,class,Bacteria;Bacteroidetes;Flavobacteriia
TARA_IOS_MAG_00040,28216,found,class,Bacteria;Proteobacteria;Betaproteobacteria
TARA_PSE_MAG_00054,1236,found,class,Bacteria;Proteobacteria;Gammaproteobacteria
TARA_PON_MAG_00046,28211,found,class,Bacteria;Proteobacteria;Alphaproteobacteria
TARA_ANW_MAG_00062,0,nomatch,,
TARA_IOS_MAG_00051,0,nomatch,,
TARA_PSW_MAG_00057,28890,found,phylum,Archaea;Euryarchaeota
TARA_PON_MAG_00023,135620,found,family,Bacteria;Proteobacteria;Gammaproteobacteria;Oceanospirillales;Oceanospirillaceae
TARA_PSE_MAG_00024,31989,found,family,Bacteria;Proteobacteria;Alphaproteobacteria;Rhodobacterales;Rhodobacteraceae
TARA_PSW_MAG_00058,2,found,superkingdom,Bacteria
TARA_ANE_MAG_00087,72275,found,family,Bacteria;Proteobacteria;Gammaproteobacteria;Alteromonadales;Alteromonadaceae
TARA_PSE_MAG_00022,1236,found,class,Bacteria;Proteobacteria;Gammaproteobacteria
TARA_PSW_MAG_00047,246874,found,family,Bacteria;Bacteroidetes;Flavobacteriia;Flavobacteriales;Cryomorphaceae
TARA_ANE_MAG_00062,126,found,family,Bacteria;Planctomycetes;Planctomycetia;Planctomycetales;Planctomycetaceae
TARA_PSW_MAG_00056,28890,found,phylum,Archaea;Euryarchaeota
TARA_ANW_MAG_00022,118,found,genus,Bacteria;Planctomycetes;Planctomycetia;Planctomycetales;Planctomycetaceae;Planctomyces
TARA_SOC_MAG_00003,117743,found,class,Bacteria;Bacteroidetes;Flavobacteriia
TARA_ASE_MAG_00018,28890,found,phylum,Archaea;Euryarchaeota
TARA_PON_MAG_00011,203557,found,family,Bacteria;Verrucomicrobia;Verrucomicrobiae;Verrucomicrobiales;Verrucomicrobiaceae
TARA_ASE_MAG_00006,1236,found,class,Bacteria;Proteobacteria;Gammaproteobacteria
TARA_MED_MAG_00115,117743,found,class,Bacteria;Bacteroidetes;Flavobacteriia
TARA_IOS_MAG_00067,2742,found,genus,Bacteria;Proteobacteria;Gammaproteobacteria;Alteromonadales;Alteromonadaceae;Marinobacter
TARA_ANW_MAG_00081,38832,found,genus,Eukaryota;Chlorophyta;Mamiellophyceae;Mamiellales;Mamiellaceae;Micromonas
TARA_PSE_MAG_00100,168934,found,genus,Bacteria;Proteobacteria;Alphaproteobacteria;Rhodospirillales;Rhodospirillaceae;Thalassospira
TARA_PSW_MAG_00011,1236,found,class,Bacteria;Proteobacteria;Gammaproteobacteria
TARA_PSE_MAG_00045,28211,found,class,Bacteria;Proteobacteria;Alphaproteobacteria
TARA_ANW_MAG_00005,1236,found,class,Bacteria;Proteobacteria;Gammaproteobacteria
TARA_ANE_MAG_00068,0,nomatch,,
TARA_RED_MAG_00075,200795,found,phylum,Bacteria;Chloroflexi
TARA_PSE_MAG_00120,1236,found,class,Bacteria;Proteobacteria;Gammaproteobacteria
TARA_PON_MAG_00001,72275,found,family,Bacteria;Proteobacteria;Gammaproteobacteria;Alteromonadales;Alteromonadaceae
TARA_RED_MAG_00031,200795,found,phylum,Bacteria;Chloroflexi
TARA_PSW_MAG_00091,203494,found,class,Bacteria;Verrucomicrobia;Verrucomicrobiae
TARA_MED_MAG_00085,390876,found,genus,Bacteria;Proteobacteria;Alphaproteobacteria;Rhodospirillales;Rhodospirillaceae;Nisaea
TARA_ANW_MAG_00011,31989,found,family,Bacteria;Proteobacteria;Alphaproteobacteria;Rhodobacterales;Rhodobacteraceae
TARA_ANE_MAG_00010,49546,found,family,Bacteria;Bacteroidetes;Flavobacteriia;Flavobacteriales;Flavobacteriaceae
TARA_MED_MAG_00107,1655514,found,family,Bacteria;Proteobacteria;Alphaproteobacteria;Pelagibacterales;Pelagibacteraceae
TARA_ASE_MAG_00022,31989,found,family,Bacteria;Proteobacteria;Alphaproteobacteria;Rhodobacterales;Rhodobacteraceae
TARA_IOS_MAG_00022,28890,found,phylum,Archaea;Euryarchaeota
TARA_RED_MAG_00096,414999,found,class,Bacteria;Verrucomicrobia;Opitutae
TARA_ASE_MAG_00017,1117,found,phylum,Bacteria;Cyanobacteria
TARA_ANE_MAG_00032,41295,found,family,Bacteria;Proteobacteria;Alphaproteobacteria;Rhodospirillales;Rhodospirillaceae
TARA_ANE_MAG_00064,414999,found,class,Bacteria;Verrucomicrobia;Opitutae
TARA_PON_MAG_00055,1236,found,class,Bacteria;Proteobacteria;Gammaproteobacteria
TARA_ANE_MAG_00013,117743,found,class,Bacteria;Bacteroidetes;Flavobacteriia
TARA_PSE_MAG_00019,41295,found,family,Bacteria;Proteobacteria;Alphaproteobacteria;Rhodospirillales;Rhodospirillaceae
TARA_MED_MAG_00063,2,found,superkingdom,Bacteria
TARA_ANE_MAG_00059,84994,found,family,Bacteria;Actinobacteria;Acidimicrobiia;Acidimicrobiales;Acidimicrobiaceae
TARA_PSE_MAG_00141,126,found,family,Bacteria;Planctomycetes;Planctomycetia;Planctomycetales;Planctomycetaceae
TARA_ASW_MAG_00025,84994,found,family,Bacteria;Actinobacteria;Acidimicrobiia;Acidimicrobiales;Acidimicrobiaceae
TARA_MED_MAG_00119,117743,found,class,Bacteria;Bacteroidetes;Flavobacteriia
TARA_PSW_MAG_00065,49546,found,family,Bacteria;Bacteroidetes;Flavobacteriia;Flavobacteriales;Flavobacteriaceae
TARA_PON_MAG_00050,414999,found,class,Bacteria;Verrucomicrobia;Opitutae
TARA_MED_MAG_00078,201174,disagree,order,Bacteria;Actinobacteria
TARA_PSW_MAG_00003,117743,found,class,Bacteria;Bacteroidetes;Flavobacteriia
TARA_MED_MAG_00048,1760,found,class,Bacteria;Actinobacteria;Actinobacteria
TARA_ASW_MAG_00023,117743,found,class,Bacteria;Bacteroidetes;Flavobacteriia
TARA_ANW_MAG_00083,2902,found,genus,Eukaryota;Isochrysidales;Noelaerhabdaceae;Emiliania
TARA_MED_MAG_00141,2759,found,superkingdom,Eukaryota
TARA_ANW_MAG_00018,41295,found,family,Bacteria;Proteobacteria;Alphaproteobacteria;Rhodospirillales;Rhodospirillaceae
TARA_PSW_MAG_00130,203682,found,phylum,Bacteria;Planctomycetes
TARA_RED_MAG_00102,41295,found,family,Bacteria;Proteobacteria;Alphaproteobacteria;Rhodospirillales;Rhodospirillaceae
TARA_ION_MAG_00001,28211,found,class,Bacteria;Proteobacteria;Alphaproteobacteria
TARA_PSE_MAG_00088,0,nomatch,,
TARA_PSW_MAG_00010,28211,found,class,Bacteria;Proteobacteria;Alphaproteobacteria
TARA_RED_MAG_00065,2,found,superkingdom,Bacteria
TARA_PON_MAG_00029,203557,found,family,Bacteria;Verrucomicrobia;Verrucomicrobiae;Verrucomicrobiales;Verrucomicrobiaceae
TARA_ASE_MAG_00032,38832,found,genus,Eukaryota;Chlorophyta;Mamiellophyceae;Mamiellales;Mamiellaceae;Micromonas
TARA_PSE_MAG_00041,85023,found,family,Bacteria;Actinobacteria;Actinobacteria;Micrococcales;Microbacteriaceae
TARA_MED_MAG_00058,135620,found,family,Bacteria;Proteobacteria;Gammaproteobacteria;Oceanospirillales;Oceanospirillaceae
TARA_PSE_MAG_00051,1236,found,class,Bacteria;Proteobacteria;Gammaproteobacteria
TARA_PON_MAG_00083,2759,found,superkingdom,Eukaryota
TARA_RED_MAG_00120,2,found,superkingdom,Bacteria
TARA_PSW_MAG_00112,2,found,superkingdom,Bacteria
TARA_PON_MAG_00056,203557,found,family,Bacteria;Verrucomicrobia;Verrucomicrobiae;Verrucomicrobiales;Verrucomicrobiaceae
TARA_ANE_MAG_00093,70447,found,genus,Eukaryota;Chlorophyta;Mamiellophyceae;Mamiellales;Bathycoccaceae;Ostreococcus
TARA_MED_MAG_00127,1236,found,class,Bacteria;Proteobacteria;Gammaproteobacteria
TARA_RED_MAG_00084,2,found,superkingdom,Bacteria
TARA_PSE_MAG_00061,28890,found,phylum,Archaea;Euryarchaeota
TARA_PSW_MAG_00078,1236,found,class,Bacteria;Proteobacteria;Gammaproteobacteria
TARA_PSW_MAG_00021,1236,found,class,Bacteria;Proteobacteria;Gammaproteobacteria
TARA_PSE_MAG_00056,28211,found,class,Bacteria;Proteobacteria;Alphaproteobacteria
TARA_PSE_MAG_00011,1236,found,class,Bacteria;Proteobacteria;Gammaproteobacteria
TARA_ANW_MAG_00038,1655514,found,family,Bacteria;Proteobacteria;Alphaproteobacteria;Pelagibacterales;Pelagibacteraceae
TARA_PSW_MAG_00026,213119,found,family,Bacteria;Proteobacteria;Deltaproteobacteria;Desulfobacterales;Desulfobacteraceae
TARA_MED_MAG_00090,246874,found,family,Bacteria;Bacteroidetes;Flavobacteriia;Flavobacteriales;Cryomorphaceae
TARA_ANW_MAG_00049,1236,found,class,Bacteria;Proteobacteria;Gammaproteobacteria
TARA_MED_MAG_00003,1236,found,class,Bacteria;Proteobacteria;Gammaproteobacteria
TARA_RED_MAG_00040,2,found,superkingdom,Bacteria
TARA_PSW_MAG_00100,117743,found,class,Bacteria;Bacteroidetes;Flavobacteriia
TARA_ION_MAG_00015,33882,found,genus,Bacteria;Actinobacteria;Actinobacteria;Micrococcales;Microbacteriaceae;Microbacterium
TARA_PSW_MAG_00115,41295,found,family,Bacteria;Proteobacteria;Alphaproteobacteria;Rhodospirillales;Rhodospirillaceae
TARA_ASE_MAG_00028,126,found,family,Bacteria;Planctomycetes;Planctomycetia;Planctomycetales;Planctomycetaceae
TARA_ANW_MAG_00054,84994,found,family,Bacteria;Actinobacteria;Acidimicrobiia;Acidimicrobiales;Acidimicrobiaceae
TARA_PSE_MAG_00109,1236,found,class,Bacteria;Proteobacteria;Gammaproteobacteria
TARA_MED_MAG_00017,31989,found,family,Bacteria;Proteobacteria;Alphaproteobacteria;Rhodobacterales;Rhodobacteraceae
TARA_MED_MAG_00025,0,nomatch,,
TARA_PON_MAG_00013,28221,found,class,Bacteria;Proteobacteria;Deltaproteobacteria
TARA_MED_MAG_00098,976,found,phylum,Bacteria;Bacteroidetes
TARA_ANE_MAG_00019,28890,found,phylum,Archaea;Euryarchaeota
TARA_ASW_MAG_00016,69657,found,family,Bacteria;Proteobacteria;Alphaproteobacteria;Rhodobacterales;Hyphomonadaceae
TARA_RED_MAG_00046,117743,found,class,Bacteria;Bacteroidetes;Flavobacteriia
TARA_MED_MAG_00099,1236,found,class,Bacteria;Proteobacteria;Gammaproteobacteria
TARA_RED_MAG_00063,1236,found,class,Bacteria;Proteobacteria;Gammaproteobacteria
TARA_IOS_MAG_00028,117743,found,class,Bacteria;Bacteroidetes;Flavobacteriia
TARA_PON_MAG_00017,0,nomatch,,
TARA_IOS_MAG_00020,28211,found,class,Bacteria;Proteobacteria;Alphaproteobacteria
TARA_MED_MAG_00006,41295,found,family,Bacteria;Proteobacteria;Alphaproteobacteria;Rhodospirillales;Rhodospirillaceae
TARA_RED_MAG_00112,2759,found,superkingdom,Eukaryota
TARA_PSE_MAG_00020,117743,found,class,Bacteria;Bacteroidetes;Flavobacteriia
TARA_PON_MAG_00039,41295,found,family,Bacteria;Proteobacteria;Alphaproteobacteria;Rhodospirillales;Rhodospirillaceae
TARA_ANW_MAG_00035,126,found,family,Bacteria;Planctomycetes;Planctomycetia;Planctomycetales;Planctomycetaceae
TARA_PSW_MAG_00081,0,nomatch,,
TARA_PSE_MAG_00104,72275,found,family,Bacteria;Proteobacteria;Gammaproteobacteria;Alteromonadales;Alteromonadaceae
TARA_RED_MAG_00111,28211,found,class,Bacteria;Proteobacteria;Alphaproteobacteria
TARA_MED_MAG_00124,117743,found,class,Bacteria;Bacteroidetes;Flavobacteriia
TARA_ANE_MAG_00046,1224,found,phylum,Bacteria;Proteobacteria
TARA_ANE_MAG_00039,200795,found,phylum,Bacteria;Chloroflexi
TARA_ASW_MAG_00029,1236,found,class,Bacteria;Proteobacteria;Gammaproteobacteria
TARA_IOS_MAG_00066,28221,found,class,Bacteria;Proteobacteria;Deltaproteobacteria
TARA_PSE_MAG_00028,126,found,family,Bacteria;Planctomycetes;Planctomycetia;Planctomycetales;Planctomycetaceae
TARA_RED_MAG_00042,0,nomatch,,
TARA_ANE_MAG_00090,38832,found,genus,Eukaryota;Chlorophyta;Mamiellophyceae;Mamiellales;Mamiellaceae;Micromonas
TARA_IOS_MAG_00053,28211,found,class,Bacteria;Proteobacteria;Alphaproteobacteria
TARA_RED_MAG_00067,2,found,superkingdom,Bacteria
TARA_MED_MAG_00004,117743,found,class,Bacteria;Bacteroidetes;Flavobacteriia
TARA_ANW_MAG_00024,28890,found,phylum,Archaea;Euryarchaeota
TARA_PSE_MAG_00059,1236,found,class,Bacteria;Proteobacteria;Gammaproteobacteria
TARA_MED_MAG_00016,28211,found,class,Bacteria;Proteobacteria;Alphaproteobacteria
TARA_ANW_MAG_00016,1236,found,class,Bacteria;Proteobacteria;Gammaproteobacteria
TARA_PON_MAG_00049,28890,found,phylum,Archaea;Euryarchaeota
TARA_MED_MAG_00054,28211,found,class,Bacteria;Proteobacteria;Alphaproteobacteria
TARA_PSW_MAG_00055,28890,found,phylum,Archaea;Euryarchaeota
TARA_MED_MAG_00096,1236,found,class,Bacteria;Proteobacteria;Gammaproteobacteria
TARA_ION_MAG_00024,1236,found,class,Bacteria;Proteobacteria;Gammaproteobacteria
TARA_ANE_MAG_00078,1236,found,class,Bacteria;Proteobacteria;Gammaproteobacteria
TARA_ANW_MAG_00012,0,nomatch,,
TARA_MED_MAG_00120,1236,found,class,Bacteria;Proteobacteria;Gammaproteobacteria
TARA_ION_MAG_00006,117743,found,class,Bacteria;Bacteroidetes;Flavobacteriia
TARA_SOC_MAG_00010,1236,found,class,Bacteria;Proteobacteria;Gammaproteobacteria
TARA_ANE_MAG_00042,28890,found,phylum,Archaea;Euryarchaeota
TARA_ANE_MAG_00040,117743,found,class,Bacteria;Bacteroidetes;Flavobacteriia
TARA_PSE_MAG_00142,1236,found,class,Bacteria;Proteobacteria;Gammaproteobacteria
TARA_RED_MAG_00123,2,found,superkingdom,Bacteria
TARA_RED_MAG_00059,28211,found,class,Bacteria;Proteobacteria;Alphaproteobacteria
TARA_IOS_MAG_00011,84994,found,family,Bacteria;Actinobacteria;Acidimicrobiia;Acidimicrobiales;Acidimicrobiaceae
TARA_MED_MAG_00061,1236,found,class,Bacteria;Proteobacteria;Gammaproteobacteria
TARA_ANW_MAG_00002,1236,found,class,Bacteria;Proteobacteria;Gammaproteobacteria
TARA_ANE_MAG_00091,2759,found,superkingdom,Eukaryota
TARA_IOS_MAG_00045,28890,found,phylum,Archaea;Euryarchaeota
TARA_ANW_MAG_00073,117743,found,class,Bacteria;Bacteroidetes;Flavobacteriia
TARA_ANW_MAG_00020,41295,found,family,Bacteria;Proteobacteria;Alphaproteobacteria;Rhodospirillales;Rhodospirillaceae
TARA_RED_MAG_00113,2,found,superkingdom,Bacteria
TARA_IOS_MAG_00013,1236,found,class,Bacteria;Proteobacteria;Gammaproteobacteria
TARA_IOS_MAG_00025,1236,found,class,Bacteria;Proteobacteria;Gammaproteobacteria
TARA_PSE_MAG_00046,84994,found,family,Bacteria;Actinobacteria;Acidimicrobiia;Acidimicrobiales;Acidimicrobiaceae
TARA_RED_MAG_00006,41295,found,family,Bacteria;Proteobacteria;Alphaproteobacteria;Rhodospirillales;Rhodospirillaceae
TARA_RED_MAG_00049,28890,found,phylum,Archaea;Euryarchaeota
TARA_IOS_MAG_00059,2,found,superkingdom,Bacteria
TARA_PSE_MAG_00074,28211,found,class,Bacteria;Proteobacteria;Alphaproteobacteria
TARA_MED_MAG_00049,75682,found,family,Bacteria;Proteobacteria;Betaproteobacteria;Burkholderiales;Oxalobacteraceae
TARA_PSW_MAG_00041,49546,found,family,Bacteria;Bacteroidetes;Flavobacteriia;Flavobacteriales;Flavobacteriaceae
TARA_ANE_MAG_00035,1655514,found,family,Bacteria;Proteobacteria;Alphaproteobacteria;Pelagibacterales;Pelagibacteraceae
TARA_ANE_MAG_00054,2,found,superkingdom,Bacteria
TARA_PSW_MAG_00077,41295,found,family,Bacteria;Proteobacteria;Alphaproteobacteria;Rhodospirillales;Rhodospirillaceae
TARA_MED_MAG_00116,28211,found,class,Bacteria;Proteobacteria;Alphaproteobacteria
TARA_MED_MAG_00059,28211,found,class,Bacteria;Proteobacteria;Alphaproteobacteria
TARA_ANE_MAG_00018,1236,found,class,Bacteria;Proteobacteria;Gammaproteobacteria
TARA_MED_MAG_00095,28890,found,phylum,Archaea;Euryarchaeota
TARA_PON_MAG_00057,1236,found,class,Bacteria;Proteobacteria;Gammaproteobacteria
TARA_ION_MAG_00044,28890,found,phylum,Archaea;Euryarchaeota
TARA_ANW_MAG_00033,28890,found,phylum,Archaea;Euryarchaeota
TARA_ANE_MAG_00002,28211,found,class,Bacteria;Proteobacteria;Alphaproteobacteria
TARA_PSW_MAG_00022,1224,found,phylum,Bacteria;Proteobacteria
TARA_ANW_MAG_00043,28890,found,phylum,Archaea;Euryarchaeota
TARA_ION_MAG_00074,28211,found,class,Bacteria;Proteobacteria;Alphaproteobacteria
TARA_ANW_MAG_00060,84994,found,family,Bacteria;Actinobacteria;Acidimicrobiia;Acidimicrobiales;Acidimicrobiaceae
TARA_ANW_MAG_00040,69657,found,family,Bacteria;Proteobacteria;Alphaproteobacteria;Rhodobacterales;Hyphomonadaceae
TARA_ION_MAG_00053,1655514,found,family,Bacteria;Proteobacteria;Alphaproteobacteria;Pelagibacterales;Pelagibacteraceae
TARA_PSE_MAG_00133,135620,found,family,Bacteria;Proteobacteria;Gammaproteobacteria;Oceanospirillales;Oceanospirillaceae
TARA_ASE_MAG_00019,1236,found,class,Bacteria;Proteobacteria;Gammaproteobacteria
TARA_ANE_MAG_00023,49546,found,family,Bacteria;Bacteroidetes;Flavobacteriia;Flavobacteriales;Flavobacteriaceae
TARA_PSE_MAG_00090,28211,found,class,Bacteria;Proteobacteria;Alphaproteobacteria
TARA_ANW_MAG_00001,28211,found,class,Bacteria;Proteobacteria;Alphaproteobacteria
TARA_PSE_MAG_00123,2742,found,genus,Bacteria;Proteobacteria;Gammaproteobacteria;Alteromonadales;Alteromonadaceae;Marinobacter
TARA_MED_MAG_00140,2759,found,superkingdom,Eukaryota
TARA_ANE_MAG_00060,49546,found,family,Bacteria;Bacteroidetes;Flavobacteriia;Flavobacteriales;Flavobacteriaceae
TARA_IOS_MAG_00034,126,found,family,Bacteria;Planctomycetes;Planctomycetia;Planctomycetales;Planctomycetaceae
TARA_ION_MAG_00034,28890,found,phylum,Archaea;Euryarchaeota
TARA_IOS_MAG_00019,117743,found,class,Bacteria;Bacteroidetes;Flavobacteriia
TARA_PSW_MAG_00102,28890,found,phylum,Archaea;Euryarchaeota
TARA_ANW_MAG_00017,203692,found,class,Bacteria;Spirochaetes;Spirochaetia
TARA_IOS_MAG_00003,28211,found,class,Bacteria;Proteobacteria;Alphaproteobacteria
TARA_PSE_MAG_00119,74030,found,genus,Bacteria;Proteobacteria;Alphaproteobacteria;Rhodobacterales;Rhodobacteraceae;Roseovarius
TARA_ION_MAG_00016,28211,found,class,Bacteria;Proteobacteria;Alphaproteobacteria
TARA_PON_MAG_00064,2,found,superkingdom,Bacteria
TARA_MED_MAG_00019,117743,found,class,Bacteria;Bacteroidetes;Flavobacteriia
TARA_PSE_MAG_00072,28221,found,class,Bacteria;Proteobacteria;Deltaproteobacteria
TARA_ANE_MAG_00057,1236,found,class,Bacteria;Proteobacteria;Gammaproteobacteria
TARA_MED_MAG_00024,84994,found,family,Bacteria;Actinobacteria;Acidimicrobiia;Acidimicrobiales;Acidimicrobiaceae
TARA_IOS_MAG_00052,28211,found,class,Bacteria;Proteobacteria;Alphaproteobacteria
TARA_ANE_MAG_00017,1655514,found,family,Bacteria;Proteobacteria;Alphaproteobacteria;Pelagibacterales;Pelagibacteraceae
TARA_PSE_MAG_00038,41295,found,family,Bacteria;Proteobacteria;Alphaproteobacteria;Rhodospirillales;Rhodospirillaceae
TARA_ANW_MAG_00055,0,nomatch,,
TARA_PON_MAG_00042,135575,found,genus,Bacteria;Proteobacteria;Gammaproteobacteria;Alteromonadales;Idiomarinaceae;Idiomarina
TARA_RED_MAG_00064,0,nomatch,,
TARA_IOS_MAG_00029,1236,found,class,Bacteria;Proteobacteria;Gammaproteobacteria
TARA_ASW_MAG_00042,44055,found,genus,Eukaryota;Pelagophyceae;Pelagomonadales;Aureococcus
TARA_MED_MAG_00079,28890,found,phylum,Archaea;Euryarchaeota
TARA_ASW_MAG_00038,2902,found,genus,Eukaryota;Isochrysidales;Noelaerhabdaceae;Emiliania
TARA_ANE_MAG_00077,203494,found,class,Bacteria;Verrucomicrobia;Verrucomicrobiae
TARA_ANE_MAG_00001,41295,found,family,Bacteria;Proteobacteria;Alphaproteobacteria;Rhodospirillales;Rhodospirillaceae
TARA_ANE_MAG_00083,1236,found,class,Bacteria;Proteobacteria;Gammaproteobacteria
TARA_PSW_MAG_00014,1236,found,class,Bacteria;Proteobacteria;Gammaproteobacteria
TARA_RED_MAG_00060,1236,found,class,Bacteria;Proteobacteria;Gammaproteobacteria
TARA_PSE_MAG_00048,203494,found,class,Bacteria;Verrucomicrobia;Verrucomicrobiae
TARA_RED_MAG_00115,126,found,family,Bacteria;Planctomycetes;Planctomycetia;Planctomycetales;Planctomycetaceae
TARA_PSE_MAG_00073,1655514,found,family,Bacteria;Proteobacteria;Alphaproteobacteria;Pelagibacterales;Pelagibacteraceae
TARA_MED_MAG_00023,84994,found,family,Bacteria;Actinobacteria;Acidimicrobiia;Acidimicrobiales;Acidimicrobiaceae
TARA_PSW_MAG_00059,28211,found,class,Bacteria;Proteobacteria;Alphaproteobacteria
TARA_ANE_MAG_00014,1224,found,phylum,Bacteria;Proteobacteria
TARA_PSW_MAG_00108,1224,found,phylum,Bacteria;Proteobacteria
TARA_PSE_MAG_00129,70447,found,genus,Eukaryota;Chlorophyta;Mamiellophyceae;Mamiellales;Bathycoccaceae;Ostreococcus
TARA_ANE_MAG_00005,2,found,superkingdom,Bacteria
TARA_ION_MAG_00029,165695,found,genus,Bacteria;Proteobacteria;Alphaproteobacteria;Sphingomonadales;Sphingomonadaceae;Sphingobium
TARA_RED_MAG_00092,2,found,superkingdom,Bacteria
TARA_ION_MAG_00017,1236,found,class,Bacteria;Proteobacteria;Gammaproteobacteria
TARA_ION_MAG_00007,126,found,family,Bacteria;Planctomycetes;Planctomycetia;Planctomycetales;Planctomycetaceae
TARA_PSE_MAG_00124,41295,found,family,Bacteria;Proteobacteria;Alphaproteobacteria;Rhodospirillales;Rhodospirillaceae
TARA_PSW_MAG_00110,126,found,family,Bacteria;Planctomycetes;Planctomycetia;Planctomycetales;Planctomycetaceae
TARA_ANW_MAG_00015,203692,found,class,Bacteria;Spirochaetes;Spirochaetia
TARA_ANW_MAG_00007,126,found,family,Bacteria;Planctomycetes;Planctomycetia;Planctomycetales;Planctomycetaceae
TARA_ASE_MAG_00033,2902,found,genus,Eukaryota;Isochrysidales;Noelaerhabdaceae;Emiliania
TARA_ANE_MAG_00092,1917157,found,species,Bacteria;Proteobacteria;Gammaproteobacteria;Alteromonadales;Alteromonadaceae;Alteromonas;Alteromonas sp. Mex14
TARA_RED_MAG_00041,200795,found,phylum,Bacteria;Chloroflexi
TARA_PSE_MAG_00005,336276,found,genus,Bacteria;Bacteroidetes;Flavobacteriia;Flavobacteriales;Flavobacteriaceae;Olleya
TARA_PSW_MAG_00090,246874,found,family,Bacteria;Bacteroidetes;Flavobacteriia;Flavobacteriales;Cryomorphaceae
TARA_RED_MAG_00118,70447,found,genus,Eukaryota;Chlorophyta;Mamiellophyceae;Mamiellales;Bathycoccaceae;Ostreococcus
TARA_RED_MAG_00114,41874,found,genus,Eukaryota;Chlorophyta;Mamiellophyceae;Mamiellales;Bathycoccaceae;Bathycoccus
TARA_ION_MAG_00072,41874,found,genus,Eukaryota;Chlorophyta;Mamiellophyceae;Mamiellales;Bathycoccaceae;Bathycoccus
TARA_PSW_MAG_00127,126,found,family,Bacteria;Planctomycetes;Planctomycetia;Planctomycetales;Planctomycetaceae
TARA_ION_MAG_00038,28211,found,class,Bacteria;Proteobacteria;Alphaproteobacteria
TARA_PSW_MAG_00076,1224,found,phylum,Bacteria;Proteobacteria
TARA_MED_MAG_00083,28211,found,class,Bacteria;Proteobacteria;Alphaproteobacteria
TARA_MED_MAG_00057,28211,found,class,Bacteria;Proteobacteria;Alphaproteobacteria
TARA_ION_MAG_00042,2,found,superkingdom,Bacteria
TARA_PSW_MAG_00071,28221,found,class,Bacteria;Proteobacteria;Deltaproteobacteria
TARA_SOC_MAG_00014,2759,found,superkingdom,Eukaryota
TARA_PSE_MAG_00148,2,found,superkingdom,Bacteria
TARA_MED_MAG_00022,1224,found,phylum,Bacteria;Proteobacteria
TARA_PSW_MAG_00042,28216,found,class,Bacteria;Proteobacteria;Betaproteobacteria
TARA_PSW_MAG_00067,976,found,phylum,Bacteria;Bacteroidetes
TARA_PSE_MAG_00145,49546,found,family,Bacteria;Bacteroidetes;Flavobacteriia;Flavobacteriales;Flavobacteriaceae
TARA_PSE_MAG_00023,126,found,family,Bacteria;Planctomycetes;Planctomycetia;Planctomycetales;Planctomycetaceae
TARA_MED_MAG_00074,28211,found,class,Bacteria;Proteobacteria;Alphaproteobacteria
TARA_RED_MAG_00103,335929,found,family,Bacteria;Proteobacteria;Alphaproteobacteria;Sphingomonadales;Erythrobacteraceae
TARA_ANE_MAG_00037,135620,found,family,Bacteria;Proteobacteria;Gammaproteobacteria;Oceanospirillales;Oceanospirillaceae
TARA_PSW_MAG_00072,126,found,family,Bacteria;Planctomycetes;Planctomycetia;Planctomycetales;Planctomycetaceae
TARA_MED_MAG_00094,414999,found,class,Bacteria;Verrucomicrobia;Opitutae
TARA_RED_MAG_00045,41295,found,family,Bacteria;Proteobacteria;Alphaproteobacteria;Rhodospirillales;Rhodospirillaceae
TARA_PON_MAG_00036,117743,found,class,Bacteria;Bacteroidetes;Flavobacteriia
TARA_ANW_MAG_00088,38832,found,genus,Eukaryota;Chlorophyta;Mamiellophyceae;Mamiellales;Mamiellaceae;Micromonas
TARA_PSW_MAG_00018,126,found,family,Bacteria;Planctomycetes;Planctomycetia;Planctomycetales;Planctomycetaceae
TARA_MED_MAG_00042,28211,found,class,Bacteria;Proteobacteria;Alphaproteobacteria
TARA_ANE_MAG_00076,84994,found,family,Bacteria;Actinobacteria;Acidimicrobiia;Acidimicrobiales;Acidimicrobiaceae
TARA_PSW_MAG_00128,82115,found,family,Bacteria;Proteobacteria;Alphaproteobacteria;Rhizobiales;Rhizobiaceae
TARA_RED_MAG_00021,28890,found,phylum,Archaea;Euryarchaeota
TARA_PON_MAG_00004,1236,found,class,Bacteria;Proteobacteria;Gammaproteobacteria
TARA_PSE_MAG_00110,135620,found,family,Bacteria;Proteobacteria;Gammaproteobacteria;Oceanospirillales;Oceanospirillaceae
TARA_ASW_MAG_00011,28890,found,phylum,Archaea;Euryarchaeota
TARA_RED_MAG_00003,1236,found,class,Bacteria;Proteobacteria;Gammaproteobacteria
TARA_PSW_MAG_00036,28211,found,class,Bacteria;Proteobacteria;Alphaproteobacteria
TARA_ION_MAG_00064,1224,found,phylum,Bacteria;Proteobacteria
TARA_MED_MAG_00105,1224,found,phylum,Bacteria;Proteobacteria
TARA_ASE_MAG_00010,28211,found,class,Bacteria;Proteobacteria;Alphaproteobacteria
TARA_PON_MAG_00071,203557,found,family,Bacteria;Verrucomicrobia;Verrucomicrobiae;Verrucomicrobiales;Verrucomicrobiaceae
TARA_MED_MAG_00112,117743,found,class,Bacteria;Bacteroidetes;Flavobacteriia
TARA_MED_MAG_00104,1655514,found,family,Bacteria;Proteobacteria;Alphaproteobacteria;Pelagibacterales;Pelagibacteraceae
TARA_IOS_MAG_00048,0,nomatch,,
TARA_MED_MAG_00075,28890,found,phylum,Archaea;Euryarchaeota
TARA_SOC_MAG_00008,28211,found,class,Bacteria;Proteobacteria;Alphaproteobacteria
TARA_PSW_MAG_00048,28211,found,class,Bacteria;Proteobacteria;Alphaproteobacteria
TARA_IOS_MAG_00001,414999,found,class,Bacteria;Verrucomicrobia;Opitutae
TARA_PSE_MAG_00099,203557,found,family,Bacteria;Verrucomicrobia;Verrucomicrobiae;Verrucomicrobiales;Verrucomicrobiaceae
TARA_ANW_MAG_00084,55528,found,genus,Eukaryota;Cryptophyta;Pyrenomonadales;Geminigeraceae;Guillardia
TARA_MED_MAG_00087,28216,found,class,Bacteria;Proteobacteria;Betaproteobacteria
TARA_PSW_MAG_00103,117743,found,class,Bacteria;Bacteroidetes;Flavobacteriia
TARA_PSW_MAG_00106,41295,found,family,Bacteria;Proteobacteria;Alphaproteobacteria;Rhodospirillales;Rhodospirillaceae
TARA_ASE_MAG_00029,89374,found,family,Bacteria;Bacteroidetes;Saprospiria;Saprospirales;Saprospiraceae
TARA_PSW_MAG_00075,28890,found,phylum,Archaea;Euryarchaeota
TARA_MED_MAG_00045,72275,found,family,Bacteria;Proteobacteria;Gammaproteobacteria;Alteromonadales;Alteromonadaceae
TARA_PSW_MAG_00024,28211,found,class,Bacteria;Proteobacteria;Alphaproteobacteria
TARA_PSW_MAG_00032,31989,found,family,Bacteria;Proteobacteria;Alphaproteobacteria;Rhodobacterales;Rhodobacteraceae
TARA_PSE_MAG_00063,28211,found,class,Bacteria;Proteobacteria;Alphaproteobacteria
TARA_ANW_MAG_00048,117743,found,class,Bacteria;Bacteroidetes;Flavobacteriia
TARA_ASW_MAG_00026,33882,found,genus,Bacteria;Actinobacteria;Actinobacteria;Micrococcales;Microbacteriaceae;Microbacterium
TARA_PON_MAG_00063,28221,found,class,Bacteria;Proteobacteria;Deltaproteobacteria
TARA_ASW_MAG_00012,252356,found,genus,Bacteria;Bacteroidetes;Flavobacteriia;Flavobacteriales;Flavobacteriaceae;Maribacter
TARA_RED_MAG_00055,28890,found,phylum,Archaea;Euryarchaeota
TARA_PSW_MAG_00118,28221,found,class,Bacteria;Proteobacteria;Deltaproteobacteria
TARA_PSW_MAG_00046,28211,found,class,Bacteria;Proteobacteria;Alphaproteobacteria
TARA_ASE_MAG_00031,28108,found,species,Bacteria;Proteobacteria;Gammaproteobacteria;Alteromonadales;Alteromonadaceae;Alteromonas;Alteromonas macleodii
TARA_RED_MAG_00119,38832,found,genus,Eukaryota;Chlorophyta;Mamiellophyceae;Mamiellales;Mamiellaceae;Micromonas
TARA_ION_MAG_00011,1224,found,phylum,Bacteria;Proteobacteria
TARA_MED_MAG_00080,28890,found,phylum,Archaea;Euryarchaeota
TARA_MED_MAG_00138,72275,found,family,Bacteria;Proteobacteria;Gammaproteobacteria;Alteromonadales;Alteromonadaceae
TARA_ION_MAG_00023,1236,found,class,Bacteria;Proteobacteria;Gammaproteobacteria
TARA_ANE_MAG_00031,497,found,genus,Bacteria;Proteobacteria;Gammaproteobacteria;Pseudomonadales;Moraxellaceae;Psychrobacter
TARA_ANW_MAG_00070,69657,found,family,Bacteria;Proteobacteria;Alphaproteobacteria;Rhodobacterales;Hyphomonadaceae
TARA_MED_MAG_00014,203494,found,class,Bacteria;Verrucomicrobia;Verrucomicrobiae
TARA_PSE_MAG_00150,468,found,family,Bacteria;Proteobacteria;Gammaproteobacteria;Pseudomonadales;Moraxellaceae
TARA_ANW_MAG_00013,0,nomatch,,
TARA_ION_MAG_00066,2759,found,superkingdom,Eukaryota
TARA_RED_MAG_00028,200795,found,phylum,Bacteria;Chloroflexi
TARA_ANW_MAG_00075,38832,found,genus,Eukaryota;Chlorophyta;Mamiellophyceae;Mamiellales;Mamiellaceae;Micromonas
TARA_PSW_MAG_00070,203557,found,family,Bacteria;Verrucomicrobia;Verrucomicrobiae;Verrucomicrobiales;Verrucomicrobiaceae
TARA_ION_MAG_00035,117743,found,class,Bacteria;Bacteroidetes;Flavobacteriia
TARA_MED_MAG_00026,1236,found,class,Bacteria;Proteobacteria;Gammaproteobacteria
TARA_ANW_MAG_00069,117743,found,class,Bacteria;Bacteroidetes;Flavobacteriia
TARA_MED_MAG_00032,28211,found,class,Bacteria;Proteobacteria;Alphaproteobacteria
TARA_MED_MAG_00097,28211,found,class,Bacteria;Proteobacteria;Alphaproteobacteria
TARA_MED_MAG_00133,203557,found,family,Bacteria;Verrucomicrobia;Verrucomicrobiae;Verrucomicrobiales;Verrucomicrobiaceae
TARA_PSE_MAG_00026,1236,found,class,Bacteria;Proteobacteria;Gammaproteobacteria
TARA_MED_MAG_00103,41295,found,family,Bacteria;Proteobacteria;Alphaproteobacteria;Rhodospirillales;Rhodospirillaceae
TARA_PSE_MAG_00055,41295,found,family,Bacteria;Proteobacteria;Alphaproteobacteria;Rhodospirillales;Rhodospirillaceae
TARA_ANW_MAG_00004,28211,found,class,Bacteria;Proteobacteria;Alphaproteobacteria
TARA_IOS_MAG_00037,1236,found,class,Bacteria;Proteobacteria;Gammaproteobacteria
TARA_PON_MAG_00019,49546,found,family,Bacteria;Bacteroidetes;Flavobacteriia;Flavobacteriales;Flavobacteriaceae
TARA_IOS_MAG_00041,203557,found,family,Bacteria;Verrucomicrobia;Verrucomicrobiae;Verrucomicrobiales;Verrucomicrobiaceae
TARA_RED_MAG_00025,1236,found,class,Bacteria;Proteobacteria;Gammaproteobacteria
TARA_SOC_MAG_00013,2759,found,superkingdom,Eukaryota
TARA_PON_MAG_00006,28221,found,class,Bacteria;Proteobacteria;Deltaproteobacteria
TARA_PSW_MAG_00028,137,found,family,Bacteria;Spirochaetes;Spirochaetia;Spirochaetales;Spirochaetaceae
TARA_IOS_MAG_00026,1236,found,class,Bacteria;Proteobacteria;Gammaproteobacteria
TARA_ANW_MAG_00077,126,found,family,Bacteria;Planctomycetes;Planctomycetia;Planctomycetales;Planctomycetaceae
TARA_MED_MAG_00018,117743,found,class,Bacteria;Bacteroidetes;Flavobacteriia
TARA_ASE_MAG_00002,1224,found,phylum,Bacteria;Proteobacteria
TARA_PSW_MAG_00086,28890,found,phylum,Archaea;Euryarchaeota
TARA_IOS_MAG_00033,84994,found,family,Bacteria;Actinobacteria;Acidimicrobiia;Acidimicrobiales;Acidimicrobiaceae
TARA_ANW_MAG_00053,1236,found,class,Bacteria;Proteobacteria;Gammaproteobacteria
TARA_IOS_MAG_00035,203557,found,family,Bacteria;Verrucomicrobia;Verrucomicrobiae;Verrucomicrobiales;Verrucomicrobiaceae
TARA_ANW_MAG_00029,117743,found,class,Bacteria;Bacteroidetes;Flavobacteriia
TARA_MED_MAG_00013,28211,found,class,Bacteria;Proteobacteria;Alphaproteobacteria
TARA_PSE_MAG_00085,1236,found,class,Bacteria;Proteobacteria;Gammaproteobacteria
TARA_ANE_MAG_00011,28211,found,class,Bacteria;Proteobacteria;Alphaproteobacteria
TARA_RED_MAG_00019,200795,found,phylum,Bacteria;Chloroflexi
TARA_PON_MAG_00061,226,found,genus,Bacteria;Proteobacteria;Gammaproteobacteria;Alteromonadales;Alteromonadaceae;Alteromonas
TARA_ANE_MAG_00079,203557,found,family,Bacteria;Verrucomicrobia;Verrucomicrobiae;Verrucomicrobiales;Verrucomicrobiaceae
TARA_MED_MAG_00131,84994,found,family,Bacteria;Actinobacteria;Acidimicrobiia;Acidimicrobiales;Acidimicrobiaceae
TARA_PSW_MAG_00007,1236,found,class,Bacteria;Proteobacteria;Gammaproteobacteria
TARA_PSW_MAG_00134,82115,found,family,Bacteria;Proteobacteria;Alphaproteobacteria;Rhizobiales;Rhizobiaceae
TARA_PSW_MAG_00044,0,nomatch,,
TARA_PSE_MAG_00126,49546,found,family,Bacteria;Bacteroidetes;Flavobacteriia;Flavobacteriales;Flavobacteriaceae
TARA_PSE_MAG_00079,49546,found,family,Bacteria;Bacteroidetes;Flavobacteriia;Flavobacteriales;Flavobacteriaceae
TARA_PON_MAG_00033,28890,found,phylum,Archaea;Euryarchaeota
TARA_PSW_MAG_00040,41295,found,family,Bacteria;Proteobacteria;Alphaproteobacteria;Rhodospirillales;Rhodospirillaceae
TARA_RED_MAG_00057,203494,found,class,Bacteria;Verrucomicrobia;Verrucomicrobiae
TARA_RED_MAG_00016,200795,found,phylum,Bacteria;Chloroflexi
TARA_ANW_MAG_00019,1236,found,class,Bacteria;Proteobacteria;Gammaproteobacteria
TARA_ANW_MAG_00051,1655514,found,family,Bacteria;Proteobacteria;Alphaproteobacteria;Pelagibacterales;Pelagibacteraceae
TARA_PSW_MAG_00121,1224,found,phylum,Bacteria;Proteobacteria
TARA_ANE_MAG_00029,0,nomatch,,
TARA_PSW_MAG_00043,28890,found,phylum,Archaea;Euryarchaeota
TARA_RED_MAG_00097,414999,found,class,Bacteria;Verrucomicrobia;Opitutae
TARA_PSW_MAG_00088,0,nomatch,,
TARA_RED_MAG_00108,1224,found,phylum,Bacteria;Proteobacteria
TARA_ION_MAG_00047,246874,found,family,Bacteria;Bacteroidetes;Flavobacteriia;Flavobacteriales;Cryomorphaceae
TARA_MED_MAG_00009,1236,found,class,Bacteria;Proteobacteria;Gammaproteobacteria
TARA_MED_MAG_00071,1236,found,class,Bacteria;Proteobacteria;Gammaproteobacteria
TARA_MED_MAG_00069,2,found,superkingdom,Bacteria
TARA_IOS_MAG_00015,1236,found,class,Bacteria;Proteobacteria;Gammaproteobacteria
TARA_IOS_MAG_00031,117743,found,class,Bacteria;Bacteroidetes;Flavobacteriia
TARA_MED_MAG_00081,1655514,found,family,Bacteria;Proteobacteria;Alphaproteobacteria;Pelagibacterales;Pelagibacteraceae
